timestamp,open,high,low,close,volume
2026-07-24 03:00:00+00:00,65116.99,65464.35,65078.0,65456.7,382.6998
2026-07-24 04:00:00+00:00,65456.7,65469.86,65272.26,65318.0,299.6958
2026-07-24 05:00:00+00:00,65318.01,65394.0,65248.0,65325.0,372.30415
2026-07-24 06:00:00+00:00,65325.01,65519.93,65278.07,65472.0,914.26438
2026-07-24 07:00:00+00:00,65472.0,65808.59,65320.69,65499.95,1219.60281
2026-07-24 08:00:00+00:00,65499.94,65508.17,65302.18,65302.18,306.26025
2026-07-24 09:00:00+00:00,65302.18,65314.66,64952.38,65113.13,478.93491
2026-07-24 10:00:00+00:00,65113.13,65157.99,64906.85,64950.0,716.12782
2026-07-24 11:00:00+00:00,64950.01,65099.99,64857.14,65083.43,751.17375
2026-07-24 12:00:00+00:00,65083.42,65133.99,64766.0,64780.01,507.45117
2026-07-24 13:00:00+00:00,64780.0,64802.0,63920.01,64155.46,2007.68582
2026-07-24 14:00:00+00:00,64155.47,64198.3,63739.75,64055.12,1591.08926
2026-07-24 15:00:00+00:00,64055.11,64333.33,63858.0,64093.85,1939.18979
2026-07-24 16:00:00+00:00,64093.86,64200.0,63881.46,63958.0,529.35925
2026-07-24 17:00:00+00:00,63958.01,64202.91,63905.51,64180.0,525.47557
2026-07-24 18:00:00+00:00,64180.0,64290.1,64129.75,64272.0,390.98725
2026-07-24 19:00:00+00:00,64272.01,64292.44,64141.18,64225.32,579.59462
2026-07-24 20:00:00+00:00,64225.32,64288.02,64128.89,64170.23,214.82759
2026-07-24 21:00:00+00:00,64170.24,64258.73,64122.29,64155.0,651.81342
2026-07-24 22:00:00+00:00,64155.0,64216.27,64121.86,64169.01,587.59798
2026-07-24 23:00:00+00:00,64169.01,64187.4,64134.71,64139.99,412.95391
2026-07-25 00:00:00+00:00,64140.0,64179.03,64033.18,64073.61,386.54772
2026-07-25 01:00:00+00:00,64073.61,64160.0,64006.55,64068.01,493.07694
2026-07-25 02:00:00+00:00,64068.0,64099.99,64017.87,64052.0,479.58839
2026-07-25 03:00:00+00:00,64052.01,64105.61,64016.65,64085.36,469.51581
2026-07-25 04:00:00+00:00,64085.36,64205.67,64085.15,64181.46,171.38031
2026-07-25 05:00:00+00:00,64181.45,64199.76,63980.01,64024.0,245.62438
2026-07-25 06:00:00+00:00,64024.0,64063.37,63964.57,64010.0,248.54758
2026-07-25 07:00:00+00:00,64010.0,64038.52,64000.0,64003.2,408.36611
2026-07-25 08:00:00+00:00,64003.2,64010.01,63810.0,63876.06,507.52898
2026-07-25 09:00:00+00:00,63876.07,64024.72,63830.0,63999.99,1813.6121
2026-07-25 10:00:00+00:00,64000.0,64070.0,63996.0,64070.0,200.57959
2026-07-25 11:00:00+00:00,64069.99,64113.0,64047.09,64064.01,226.46632
2026-07-25 12:00:00+00:00,64064.01,64123.8,64043.0,64123.8,179.4102
2026-07-25 13:00:00+00:00,64123.8,64267.78,64106.74,64172.0,285.46591
2026-07-25 14:00:00+00:00,64172.01,64217.09,64126.0,64214.04,270.20323
2026-07-25 15:00:00+00:00,64214.05,64272.0,64169.99,64182.0,193.98029
2026-07-25 16:00:00+00:00,64182.01,64241.71,64123.0,64206.6,126.61028
2026-07-25 17:00:00+00:00,64206.61,64356.0,64194.37,64267.4,187.81706
2026-07-25 18:00:00+00:00,64267.41,64475.28,64267.41,64415.99,314.52068
2026-07-25 19:00:00+00:00,64415.99,64438.12,64388.38,64388.38,219.4973
2026-07-25 20:00:00+00:00,64388.39,64392.74,64313.0,64339.75,213.90166
2026-07-25 21:00:00+00:00,64339.75,64430.0,64263.03,64344.02,177.06463
2026-07-25 22:00:00+00:00,64344.02,64426.0,64344.01,64412.0,625.93723
2026-07-25 23:00:00+00:00,64412.01,64429.38,64363.0,64375.0,417.8076
2026-07-26 00:00:00+00:00,64375.01,64507.0,64350.0,64506.99,256.73658
2026-07-26 01:00:00+00:00,64506.99,64541.66,64456.67,64462.0,277.18148
2026-07-26 02:00:00+00:00,64462.0,64527.59,64427.59,64527.56,117.0226
2026-07-26 03:00:00+00:00,64527.57,64582.0,64488.73,64557.0,304.96319
2026-07-26 04:00:00+00:00,64557.0,64599.95,64491.73,64530.06,425.16453
2026-07-26 05:00:00+00:00,64530.06,64530.07,64403.95,64417.69,131.14508
2026-07-26 06:00:00+00:00,64417.68,64457.55,64293.81,64438.0,408.23581
2026-07-26 07:00:00+00:00,64438.01,64460.0,64341.99,64370.0,273.49735
2026-07-26 08:00:00+00:00,64370.0,64493.99,64353.0,64480.01,204.14991
2026-07-26 09:00:00+00:00,64480.02,64549.02,64478.38,64538.0,164.82486
2026-07-26 10:00:00+00:00,64538.01,64573.73,64497.62,64515.4,137.0474
2026-07-26 11:00:00+00:00,64515.39,64535.99,64495.17,64507.35,174.84399
2026-07-26 12:00:00+00:00,64507.36,64662.99,64434.0,64466.67,319.29329
2026-07-26 13:00:00+00:00,64466.68,64571.42,64414.0,64518.0,319.1541
2026-07-26 14:00:00+00:00,64517.99,64768.23,64517.99,64712.99,504.24215
2026-07-26 15:00:00+00:00,64713.0,64827.0,64673.42,64768.0,313.86895
2026-07-26 16:00:00+00:00,64768.0,64940.51,64703.23,64734.17,420.05042
2026-07-26 17:00:00+00:00,64734.17,64794.45,64668.91,64697.2,347.81315
2026-07-26 18:00:00+00:00,64697.21,64769.99,64668.91,64734.38,114.76281
2026-07-26 19:00:00+00:00,64734.39,64753.0,64671.91,64695.52,369.55718
2026-07-26 20:00:00+00:00,64695.52,64703.36,64631.57,64649.04,120.01782
2026-07-26 21:00:00+00:00,64649.04,64924.0,64649.03,64858.02,268.26505
2026-07-26 22:00:00+00:00,64858.03,65502.6,64858.03,65412.68,1331.07392
2026-07-26 23:00:00+00:00,65412.69,65577.0,65273.76,65399.99,630.14927
2026-07-27 00:00:00+00:00,65400.0,65418.81,65065.46,65131.95,465.77387
2026-07-27 01:00:00+00:00,65131.96,65225.75,64892.03,65206.21,478.78723
2026-07-27 02:00:00+00:00,65206.21,65281.64,65118.08,65172.0,475.81825
2026-07-27 03:00:00+00:00,65172.02,65367.73,65161.99,65284.0,519.18282
2026-07-27 04:00:00+00:00,65284.0,65500.0,65242.69,65282.8,331.55981
2026-07-27 05:00:00+00:00,65282.81,65493.38,65282.8,65468.38,284.79372
2026-07-27 06:00:00+00:00,65468.38,65744.6,65404.9,65416.76,867.3473
2026-07-27 07:00:00+00:00,65416.77,65447.02,65217.16,65221.99,1066.09119
2026-07-27 08:00:00+00:00,65221.99,65258.0,65128.85,65162.98,724.97518
2026-07-27 09:00:00+00:00,65162.98,65348.17,65100.0,65262.17,1478.16072
2026-07-27 10:00:00+00:00,65262.18,65432.0,65230.01,65333.35,412.29993
2026-07-27 11:00:00+00:00,65333.35,65333.36,65092.0,65100.79,287.15002
2026-07-27 12:00:00+00:00,65100.79,65255.76,64836.0,65086.0,587.73231
2026-07-27 13:00:00+00:00,65086.0,65718.0,64913.12,65217.37,1076.54142
2026-07-27 14:00:00+00:00,65217.38,65431.9,64459.82,64687.45,1132.47674
2026-07-27 15:00:00+00:00,64687.45,64776.0,64418.01,64554.01,596.28993
2026-07-27 16:00:00+00:00,64554.0,64970.93,64517.78,64898.52,473.37301
2026-07-27 17:00:00+00:00,64898.53,65090.0,64794.37,65019.81,404.49207
2026-07-27 18:00:00+00:00,65019.81,65058.32,64755.67,64878.0,323.26344
2026-07-27 19:00:00+00:00,64878.0,65078.0,64810.9,64984.0,291.82434
2026-07-27 20:00:00+00:00,64983.99,65056.0,64908.01,64960.65,197.69959
2026-07-27 21:00:00+00:00,64960.64,64960.65,64790.28,64821.25,238.07403
2026-07-27 22:00:00+00:00,64821.26,64821.26,63792.0,63792.0,1130.54656
2026-07-27 23:00:00+00:00,63792.01,63940.27,63605.56,63755.86,947.65195
2026-07-28 00:00:00+00:00,63755.86,63827.49,63469.3,63487.88,711.04544
2026-07-28 01:00:00+00:00,63487.88,63529.89,63059.39,63230.83,1245.20979
2026-07-28 02:00:00+00:00,63230.82,63305.94,63108.0,63185.59,429.21894
2026-07-28 03:00:00+00:00,63185.59,63375.39,63168.01,63343.83,728.50056
2026-07-28 04:00:00+00:00,63343.82,63361.85,63221.26,63350.95,343.17382
2026-07-28 05:00:00+00:00,63350.95,63623.5,63323.09,63451.61,390.51839
2026-07-28 06:00:00+00:00,63451.62,63660.72,63395.13,63640.63,460.72288
2026-07-28 07:00:00+00:00,63640.63,63668.71,63455.58,63505.99,985.9853
2026-07-28 08:00:00+00:00,63506.0,63546.36,63406.11,63428.08,281.48766
2026-07-28 09:00:00+00:00,63428.07,63581.33,63368.81,63393.99,315.43759
2026-07-28 10:00:00+00:00,63393.99,63555.18,63294.0,63473.47,416.0357
2026-07-28 11:00:00+00:00,63473.48,63593.0,63352.0,63450.0,405.45329
2026-07-28 12:00:00+00:00,63449.99,63570.0,63364.96,63546.65,440.98415
2026-07-28 13:00:00+00:00,63546.65,63588.0,62742.47,63104.0,1615.91422
2026-07-28 14:00:00+00:00,63104.0,63550.0,62965.38,63412.45,868.98588
2026-07-28 15:00:00+00:00,63412.45,64026.62,63269.28,63928.47,945.11572
2026-07-28 16:00:00+00:00,63928.46,64100.0,63773.65,64043.26,517.94749
2026-07-28 17:00:00+00:00,64043.27,64043.27,63504.0,63685.88,527.24876
2026-07-28 18:00:00+00:00,63685.88,63849.09,63672.26,63734.49,311.5129
2026-07-28 19:00:00+00:00,63734.49,63904.0,63675.93,63904.0,333.27009
2026-07-28 20:00:00+00:00,63904.0,64018.39,63880.0,63917.55,300.22119
2026-07-28 21:00:00+00:00,63917.55,64073.3,63892.0,63972.44,227.23863
2026-07-28 22:00:00+00:00,63972.44,64020.76,63768.47,63783.71,319.67019
2026-07-28 23:00:00+00:00,63783.72,63956.4,63562.0,63915.0,768.93138
2026-07-29 00:00:00+00:00,63915.0,64200.0,63873.54,63953.99,862.01004
2026-07-29 01:00:00+00:00,63954.0,63999.0,63690.0,63705.06,643.74129
2026-07-29 02:00:00+00:00,63705.07,64132.42,63658.0,63979.96,459.75103
2026-07-29 03:00:00+00:00,63979.96,64002.0,63710.0,63753.03,381.54189
2026-07-29 04:00:00+00:00,63753.04,63970.92,63598.0,63968.34,635.48596
2026-07-29 05:00:00+00:00,63968.34,64094.2,63890.07,64067.32,612.17163
2026-07-29 06:00:00+00:00,64067.32,64471.0,64026.64,64435.62,959.62083
2026-07-29 07:00:00+00:00,64435.63,64575.99,64402.67,64561.0,512.31101
2026-07-29 08:00:00+00:00,64561.01,64588.0,64283.83,64417.31,442.88681
2026-07-29 09:00:00+00:00,64417.31,64744.81,64386.94,64698.0,689.93306
2026-07-29 10:00:00+00:00,64698.01,64718.0,64410.24,64469.83,337.46395
2026-07-29 11:00:00+00:00,64469.84,64591.73,64422.5,64507.54,317.77588
2026-07-29 12:00:00+00:00,64507.53,64507.54,64215.93,64276.81,475.5158
2026-07-29 13:00:00+00:00,64276.82,64667.18,64139.68,64664.7,795.5697
2026-07-29 14:00:00+00:00,64664.69,64718.87,64047.71,64108.01,736.50705
2026-07-29 15:00:00+00:00,64108.01,64195.0,63886.0,63964.01,727.70384
2026-07-29 16:00:00+00:00,63964.01,64146.53,63624.15,63808.33,758.02868
2026-07-29 17:00:00+00:00,63808.33,64286.71,63709.19,64269.83,486.13508
2026-07-29 18:00:00+00:00,64269.83,64648.79,63758.0,64501.52,1896.70634
2026-07-29 19:00:00+00:00,64501.52,64600.0,63511.0,63589.46,1453.05091
2026-07-29 20:00:00+00:00,63589.46,63746.42,63378.09,63522.01,788.59239
2026-07-29 21:00:00+00:00,63522.01,63860.0,63267.34,63860.0,771.02443
2026-07-29 22:00:00+00:00,63860.0,64131.44,63859.99,63942.5,704.70887
2026-07-29 23:00:00+00:00,63942.5,64067.12,63899.0,63984.28,331.88265
2026-07-30 00:00:00+00:00,63984.29,64125.61,63603.92,63696.72,649.94769
2026-07-30 01:00:00+00:00,63696.73,64370.0,63690.0,64266.0,686.07285
2026-07-30 02:00:00+00:00,64266.01,64411.76,64159.63,64189.99,575.1734
2026-07-30 03:00:00+00:00,64190.0,64300.91,64133.99,64161.98,422.8264
2026-07-30 04:00:00+00:00,64161.98,64180.0,64008.5,64023.99,927.45873
2026-07-30 05:00:00+00:00,64024.0,64182.0,63907.85,64033.89,766.12333
2026-07-30 06:00:00+00:00,64033.9,64080.0,63957.2,64002.0,642.99866
2026-07-30 07:00:00+00:00,64001.99,64144.06,63943.29,64026.0,710.04842
2026-07-30 08:00:00+00:00,64026.0,64358.99,63980.54,64308.01,1143.21426
2026-07-30 09:00:00+00:00,64308.01,64641.37,64283.8,64567.56,2560.14823
2026-07-30 10:00:00+00:00,64567.55,64631.99,64562.0,64570.72,459.04462
2026-07-30 11:00:00+00:00,64570.72,64885.18,64542.73,64788.0,630.38864
2026-07-30 12:00:00+00:00,64788.01,65043.94,64788.0,64925.0,819.62205
2026-07-30 13:00:00+00:00,64925.0,65176.6,64689.02,65022.01,1173.19736
2026-07-30 14:00:00+00:00,65022.0,65042.0,64620.0,64683.97,1065.79722
2026-07-30 15:00:00+00:00,64683.97,64888.0,64607.31,64730.3,678.51535
2026-07-30 16:00:00+00:00,64730.29,64963.64,64729.56,64818.01,615.24584
2026-07-30 17:00:00+00:00,64818.01,64988.0,64772.0,64872.0,452.4677
2026-07-30 18:00:00+00:00,64871.99,64899.8,64688.0,64702.8,263.9882
2026-07-30 19:00:00+00:00,64702.8,64904.0,64702.79,64800.0,356.88836
2026-07-30 20:00:00+00:00,64800.0,64936.0,64752.12,64777.37,330.42092
2026-07-30 21:00:00+00:00,64777.38,64802.48,64700.34,64735.53,227.76045
2026-07-30 22:00:00+00:00,64735.53,65029.29,64668.91,64851.16,482.45748
2026-07-30 23:00:00+00:00,64851.16,65086.4,64740.0,64780.02,491.7787
2026-07-31 00:00:00+00:00,64780.03,64901.55,64690.29,64724.91,660.4309
2026-07-31 01:00:00+00:00,64724.92,65409.56,64480.44,64564.01,1217.00276
2026-07-31 02:00:00+00:00,64564.0,64614.0,64203.58,64297.79,855.65776
2026-07-31 03:00:00+00:00,64297.79,64439.81,64172.0,64370.0,548.04563
2026-07-31 04:00:00+00:00,64370.0,64438.0,64236.0,64300.0,391.13431
2026-07-31 05:00:00+00:00,64299.99,64421.68,64268.47,64363.06,529.40293
2026-07-31 06:00:00+00:00,64363.06,64496.64,64196.08,64231.97,503.77566
2026-07-31 07:00:00+00:00,64231.97,64245.57,63878.11,63950.01,3088.95651
2026-07-31 08:00:00+00:00,63950.01,63987.36,63784.67,63834.01,734.18718
2026-07-31 09:00:00+00:00,63834.01,63847.13,63638.18,63715.9,562.33026
2026-07-31 10:00:00+00:00,63715.91,63951.77,63610.0,63918.67,422.39058
2026-07-31 11:00:00+00:00,63918.68,64011.99,63792.01,63805.51,287.14604
2026-07-31 12:00:00+00:00,63805.5,63830.62,63627.66,63754.01,516.25828
2026-07-31 13:00:00+00:00,63754.01,63849.19,63241.71,63270.73,1511.53534
2026-07-31 14:00:00+00:00,63270.72,63310.0,62466.0,62682.06,3628.40429
2026-07-31 15:00:00+00:00,62682.05,62769.36,62490.24,62716.57,965.95557
2026-07-31 16:00:00+00:00,62716.57,62931.79,62709.01,62870.88,857.24803
2026-07-31 17:00:00+00:00,62870.87,63301.68,62800.0,63245.44,856.72938
2026-07-31 18:00:00+00:00,63245.44,63302.0,62966.0,63097.57,753.45664
2026-07-31 19:00:00+00:00,63097.57,63158.0,62936.29,62972.0,304.88916
2026-07-31 20:00:00+00:00,62972.0,63034.0,62928.35,62953.7,318.42027
2026-07-31 21:00:00+00:00,62953.7,63062.47,62846.0,62947.78,334.75985
2026-07-31 22:00:00+00:00,62947.77,63020.0,62870.01,62950.0,440.99494
2026-07-31 23:00:00+00:00,62950.01,63013.52,62860.64,62887.88,186.49459
2026-08-01 00:00:00+00:00,62887.88,63024.04,62887.87,62938.01,517.26897
2026-08-01 01:00:00+00:00,62938.01,62990.0,62923.47,62975.01,386.71985
2026-08-01 02:00:00+00:00,62975.0,63106.55,62975.0,63075.07,348.67082
2026-08-01 03:00:00+00:00,63075.08,63075.08,62970.65,63004.48,388.95582
2026-08-01 04:00:00+00:00,63004.47,63115.37,62993.2,63115.01,223.92941
2026-08-01 05:00:00+00:00,63115.0,63142.85,63000.85,63020.0,458.27671
2026-08-01 06:00:00+00:00,63020.0,63086.65,62992.82,63080.64,434.87477
2026-08-01 07:00:00+00:00,63080.65,63110.89,63034.0,63050.46,150.69173
2026-08-01 08:00:00+00:00,63050.45,63150.0,63050.45,63126.25,106.02817
2026-08-01 09:00:00+00:00,63126.25,63139.54,63046.33,63053.17,228.45152
2026-08-01 10:00:00+00:00,63053.17,63111.09,62986.31,63056.0,321.04349
2026-08-01 11:00:00+00:00,63055.99,63091.97,63037.72,63076.0,179.08594
2026-08-01 12:00:00+00:00,63076.0,63119.4,63076.0,63103.68,320.18632
2026-08-01 13:00:00+00:00,63103.68,63106.83,63051.0,63069.32,187.46878
2026-08-01 14:00:00+00:00,63069.31,63127.07,63069.31,63126.52,385.79335
2026-08-01 15:00:00+00:00,63126.53,63126.53,63007.05,63007.06,164.42533
2026-08-01 16:00:00+00:00,63007.06,63027.65,62874.0,62932.32,327.87182
2026-08-01 17:00:00+00:00,62932.32,62996.0,62666.0,62708.07,359.17517
2026-08-01 18:00:00+00:00,62708.06,62734.0,62275.0,62580.56,931.42897
2026-08-01 19:00:00+00:00,62580.55,62624.0,62461.17,62529.82,312.52626
2026-08-01 20:00:00+00:00,62529.81,62674.98,62482.99,62662.13,183.46966
2026-08-01 21:00:00+00:00,62662.14,62864.0,62662.13,62812.75,229.38386
2026-08-01 22:00:00+00:00,62812.76,62866.62,62794.17,62831.28,129.54917
2026-08-01 23:00:00+00:00,62831.29,62862.8,62769.97,62823.64,287.81315
2026-08-02 00:00:00+00:00,62823.65,62979.99,62806.58,62833.99,397.27424
2026-08-02 01:00:00+00:00,62834.0,63088.0,62834.0,62981.87,215.77694
2026-08-02 02:00:00+00:00,62981.87,63547.7,62958.54,63451.58,1068.41906
2026-08-02 03:00:00+00:00,63451.58,63550.0,63380.0,63461.95,388.55462
2026-08-02 04:00:00+00:00,63461.95,63612.0,63461.95,63590.0,302.37117
2026-08-02 05:00:00+00:00,63590.0,63634.0,63415.26,63453.27,261.31562
2026-08-02 06:00:00+00:00,63453.27,63498.15,63435.99,63482.49,160.39885
2026-08-02 07:00:00+00:00,63482.49,63544.51,63480.0,63506.24,412.11258
2026-08-02 08:00:00+00:00,63506.23,63530.0,63172.0,63193.99,542.79786
2026-08-02 09:00:00+00:00,63194.0,63320.0,63094.0,63273.94,277.11141
2026-08-02 10:00:00+00:00,63273.94,63273.94,63125.06,63205.03,200.2751
2026-08-02 11:00:00+00:00,63205.03,63206.0,62982.38,63031.99,373.06149
2026-08-02 12:00:00+00:00,63031.99,63231.67,63031.99,63125.49,247.99863
2026-08-02 13:00:00+00:00,63125.49,63146.89,63010.0,63126.92,262.12825
2026-08-02 14:00:00+00:00,63126.92,63186.0,63062.0,63069.37,314.22912
2026-08-02 15:00:00+00:00,63069.37,63186.0,63050.0,63109.14,191.05332
2026-08-02 16:00:00+00:00,63109.13,63273.49,63064.01,63180.36,267.96361
2026-08-02 17:00:00+00:00,63180.36,63342.0,63152.0,63300.28,318.39177
2026-08-02 18:00:00+00:00,63300.0,63610.01,63290.0,63382.01,518.81545
2026-08-02 19:00:00+00:00,63382.01,63479.85,63323.89,63456.01,247.35839
2026-08-02 20:00:00+00:00,63456.0,63501.48,63404.69,63494.52,140.51262
2026-08-02 21:00:00+00:00,63494.51,63785.0,63479.45,63578.0,457.27756
2026-08-02 22:00:00+00:00,63578.01,63796.33,63376.71,63424.58,484.1409
2026-08-02 23:00:00+00:00,63424.58,63596.0,63344.0,63570.0,337.67298
2026-08-03 00:00:00+00:00,63570.01,63596.0,63208.3,63317.6,357.32342
2026-08-03 01:00:00+00:00,63317.61,63350.0,63111.1,63212.16,372.31318
2026-08-03 02:00:00+00:00,63212.16,63286.0,63100.0,63141.4,334.18959
2026-08-03 03:00:00+00:00,63141.39,63168.44,62786.04,62870.49,516.46423
2026-08-03 04:00:00+00:00,62870.48,63001.77,62770.37,62790.0,320.41763
2026-08-03 05:00:00+00:00,62790.0,62875.02,62751.3,62827.17,546.69206
2026-08-03 06:00:00+00:00,62827.17,62872.58,62613.0,62623.6,396.31841
2026-08-03 07:00:00+00:00,62623.6,62700.0,62552.04,62621.1,1264.72827
2026-08-03 08:00:00+00:00,62621.1,62647.69,62300.0,62541.5,657.33122
2026-08-03 09:00:00+00:00,62541.5,62863.1,62520.0,62837.4,585.41075
2026-08-03 10:00:00+00:00,62837.4,62860.0,62615.11,62742.01,443.80935
2026-08-03 11:00:00+00:00,62742.01,62778.92,62540.95,62560.01,282.26451
2026-08-03 12:00:00+00:00,62560.01,62799.3,62445.26,62700.0,437.23263
2026-08-03 13:00:00+00:00,62700.01,63390.0,62562.42,63351.09,1121.39133
2026-08-03 14:00:00+00:00,63351.09,63992.71,63136.0,63967.19,2387.82383
2026-08-03 15:00:00+00:00,63967.19,63989.75,63646.59,63694.91,1368.53804
2026-08-03 16:00:00+00:00,63694.9,63939.99,63664.0,63776.46,800.0795
2026-08-03 17:00:00+00:00,63776.46,64059.75,63714.55,63906.0,628.1066
2026-08-03 18:00:00+00:00,63905.99,64000.0,63768.0,63870.87,368.04477
2026-08-03 19:00:00+00:00,63870.87,64080.0,63846.0,63869.38,545.18183
2026-08-03 20:00:00+00:00,63869.38,64023.61,63769.92,63775.43,498.9936
2026-08-03 21:00:00+00:00,63775.43,63791.98,63548.0,63590.15,427.95014
2026-08-03 22:00:00+00:00,63590.15,63680.0,63392.01,63618.0,422.48287
2026-08-03 23:00:00+00:00,63618.01,63621.35,63465.43,63520.0,460.20967
2026-08-04 00:00:00+00:00,63520.0,63585.09,63322.01,63361.99,536.23408
2026-08-04 01:00:00+00:00,63362.0,63927.99,63361.99,63847.93,808.63269
2026-08-04 02:00:00+00:00,63847.92,63972.0,63686.44,63822.44,596.20908
2026-08-04 03:00:00+00:00,63822.45,63860.0,63649.0,63800.01,343.13285
2026-08-04 04:00:00+00:00,63800.01,64243.81,63762.0,64029.0,795.09044
2026-08-04 05:00:00+00:00,64029.01,64056.0,63788.23,63818.48,306.74636
2026-08-04 06:00:00+00:00,63818.47,63859.71,63654.16,63670.0,321.82249
2026-08-04 07:00:00+00:00,63670.0,63763.63,63506.78,63685.74,779.79552
2026-08-04 08:00:00+00:00,63685.73,63748.22,63564.99,63588.94,412.14854
2026-08-04 09:00:00+00:00,63589.04,63610.0,63516.43,63603.73,356.68509
2026-08-04 10:00:00+00:00,63603.73,63842.0,63451.8,63764.0,613.8334
2026-08-04 11:00:00+00:00,63763.99,63950.0,63712.0,63926.0,457.77198
2026-08-04 12:00:00+00:00,63926.0,64062.46,63788.0,63906.41,546.54537
2026-08-04 13:00:00+00:00,63906.41,64097.74,63656.0,63683.94,1052.90355
2026-08-04 14:00:00+00:00,63683.95,64193.54,63615.38,64128.72,879.92592
2026-08-04 15:00:00+00:00,64128.73,64238.0,63814.29,64125.14,876.1178
2026-08-04 16:00:00+00:00,64125.14,64130.0,63897.22,63950.93,546.40306
2026-08-04 17:00:00+00:00,63950.94,64184.0,63892.0,63972.09,719.77508
2026-08-04 18:00:00+00:00,63972.09,64400.0,63965.73,64305.99,693.34672
2026-08-04 19:00:00+00:00,64305.99,64413.21,64193.57,64233.36,534.82384
2026-08-04 20:00:00+00:00,64233.35,64420.0,64001.68,64341.0,558.35238
2026-08-04 21:00:00+00:00,64341.0,64341.99,64175.52,64194.0,220.73608
2026-08-04 22:00:00+00:00,64193.99,64293.91,64140.0,64270.61,181.53234
2026-08-04 23:00:00+00:00,64270.62,64549.16,64081.26,64106.56,551.91443
2026-08-05 00:00:00+00:00,64106.55,64193.25,63978.44,63988.0,649.78599
2026-08-05 01:00:00+00:00,63988.0,64346.0,63950.0,64333.84,393.02738
2026-08-05 02:00:00+00:00,64333.85,64504.0,64322.59,64368.26,562.72054
2026-08-05 03:00:00+00:00,64368.27,64446.0,64046.0,64183.27,445.73851
2026-08-05 04:00:00+00:00,64183.27,64218.0,64088.01,64176.7,184.21473
2026-08-05 05:00:00+00:00,64176.69,64525.97,64163.36,64330.87,480.37923
2026-08-05 06:00:00+00:00,64330.86,64373.31,64229.34,64253.58,396.58374
2026-08-05 07:00:00+00:00,64253.59,64272.0,63995.89,64163.99,577.00898
2026-08-05 08:00:00+00:00,64164.0,64280.0,64098.0,64120.81,335.28683
2026-08-05 09:00:00+00:00,64120.81,64210.83,64102.95,64155.05,184.00109
2026-08-05 10:00:00+00:00,64155.06,64242.93,64020.0,64062.23,387.90421
2026-08-05 11:00:00+00:00,64062.23,64150.0,64044.5,64075.28,258.58817
2026-08-05 12:00:00+00:00,64075.28,64581.43,64050.0,64332.43,1037.97436
2026-08-05 13:00:00+00:00,64332.43,64412.0,63880.0,64407.99,1022.29322
2026-08-05 14:00:00+00:00,64407.99,64578.0,64300.0,64476.39,1047.50709
2026-08-05 15:00:00+00:00,64476.4,64744.0,64385.49,64388.01,986.83874
2026-08-05 16:00:00+00:00,64388.01,64760.99,64388.0,64661.99,538.9344
2026-08-05 17:00:00+00:00,64661.99,64804.0,64541.71,64770.0,480.07544
2026-08-05 18:00:00+00:00,64770.0,64844.99,64670.01,64799.1,509.17226
2026-08-05 19:00:00+00:00,64799.1,64936.18,64781.79,64840.28,466.98679
2026-08-05 20:00:00+00:00,64840.27,65025.22,64806.46,64822.89,498.389
2026-08-05 21:00:00+00:00,64822.88,64825.78,64657.69,64733.13,467.37291
2026-08-05 22:00:00+00:00,64733.13,64783.84,64629.81,64636.0,271.07045
2026-08-05 23:00:00+00:00,64636.0,64749.99,64579.15,64665.23,561.00122
2026-08-06 00:00:00+00:00,64665.24,64724.38,64572.0,64644.99,476.9934
2026-08-06 01:00:00+00:00,64644.92,64659.65,64498.0,64580.07,393.9399
2026-08-06 02:00:00+00:00,64580.08,64650.62,64439.34,64579.36,432.25507
2026-08-06 03:00:00+00:00,64579.36,64583.63,64493.2,64531.03,197.99261
2026-08-06 04:00:00+00:00,64531.03,64755.72,64496.27,64734.65,354.38235
2026-08-06 05:00:00+00:00,64734.65,64996.0,64730.26,64908.09,515.23827
2026-08-06 06:00:00+00:00,64908.1,64908.1,64745.69,64860.0,233.29381
2026-08-06 07:00:00+00:00,64860.0,64965.66,64776.0,64809.7,679.84082
2026-08-06 08:00:00+00:00,64809.7,64999.0,64760.0,64941.99,323.50568
2026-08-06 09:00:00+00:00,64942.0,64944.0,64630.0,64683.62,404.08385
2026-08-06 10:00:00+00:00,64683.62,64685.05,64581.21,64615.95,207.8831
2026-08-06 11:00:00+00:00,64615.95,64661.26,64503.54,64622.09,372.14171
2026-08-06 12:00:00+00:00,64622.08,64637.68,64381.96,64424.0,336.45805
2026-08-06 13:00:00+00:00,64424.01,64524.21,64172.0,64434.01,870.19548
2026-08-06 14:00:00+00:00,64434.01,64850.0,64362.0,64778.0,781.12724
2026-08-06 15:00:00+00:00,64778.01,64987.26,64624.29,64631.87,772.83402
2026-08-06 16:00:00+00:00,64631.88,64778.0,64592.37,64757.99,370.31723
2026-08-06 17:00:00+00:00,64758.0,64834.0,64548.81,64621.69,293.75208
2026-08-06 18:00:00+00:00,64621.68,64621.69,64378.67,64418.47,347.29306
2026-08-06 19:00:00+00:00,64418.48,64474.71,64365.0,64446.0,449.59357
2026-08-06 20:00:00+00:00,64446.01,64536.32,64439.7,64439.7,195.47529
2026-08-06 21:00:00+00:00,64439.71,64513.99,64404.74,64440.74,249.73283
2026-08-06 22:00:00+00:00,64440.74,64450.0,64330.4,64351.49,210.70667
2026-08-06 23:00:00+00:00,64351.48,64360.01,64200.0,64323.61,395.39675
2026-08-07 00:00:00+00:00,64323.61,64410.0,64230.59,64317.99,285.45231
2026-08-07 01:00:00+00:00,64318.0,64476.78,64300.0,64422.55,351.02167
2026-08-07 02:00:00+00:00,64422.54,64544.0,64252.09,64399.87,388.69448
2026-08-07 03:00:00+00:00,64399.88,64407.73,64260.0,64289.99,199.96303
2026-08-07 04:00:00+00:00,64289.99,64364.08,64166.0,64255.13,222.89749
2026-08-07 05:00:00+00:00,64255.14,64400.0,64177.62,64336.43,321.20596
2026-08-07 06:00:00+00:00,64336.42,64463.75,64283.91,64304.12,452.26837
2026-08-07 07:00:00+00:00,64304.12,64436.13,64264.0,64319.84,382.39149
2026-08-07 08:00:00+00:00,64319.84,64672.1,64304.22,64600.0,433.22408
2026-08-07 09:00:00+00:00,64600.0,64965.0,64599.99,64839.32,917.15159
2026-08-07 10:00:00+00:00,64839.32,64916.0,64802.0,64893.98,362.71626
2026-08-07 11:00:00+00:00,64893.99,65213.33,64893.64,65029.98,652.67441
2026-08-07 12:00:00+00:00,65029.98,65390.99,64986.26,65292.32,1412.7636
2026-08-07 13:00:00+00:00,65292.31,65338.0,64984.68,65009.24,1271.25225
2026-08-07 14:00:00+00:00,65009.23,65275.03,64788.0,64957.98,982.58571
2026-08-07 15:00:00+00:00,64957.98,65136.17,64894.83,64912.72,468.0279
2026-08-07 16:00:00+00:00,64912.71,65072.31,64814.0,64814.0,485.33624
2026-08-07 17:00:00+00:00,64814.01,64828.82,64525.0,64764.33,603.65716
2026-08-07 18:00:00+00:00,64764.33,64881.13,64676.0,64735.51,225.44204
2026-08-07 19:00:00+00:00,64735.52,65039.42,64735.52,64960.47,398.55222
2026-08-07 20:00:00+00:00,64960.46,65053.56,64948.0,64972.0,238.49651
2026-08-07 21:00:00+00:00,64972.0,65102.0,64928.0,64928.01,187.58406
2026-08-07 22:00:00+00:00,64928.02,64947.7,64846.0,64888.0,304.11479
2026-08-07 23:00:00+00:00,64888.0,64923.2,64869.99,64923.19,259.93041
2026-08-08 00:00:00+00:00,64923.2,64954.0,64784.19,64929.01,432.5947
2026-08-08 01:00:00+00:00,64929.01,64965.0,64908.97,64911.79,283.12303
2026-08-08 02:00:00+00:00,64911.8,64957.47,64894.49,64923.97,317.46111
2026-08-08 03:00:00+00:00,64923.98,65074.18,64918.28,65033.0,277.39242
2026-08-08 04:00:00+00:00,65033.0,65071.15,64971.18,65013.58,199.83614
2026-08-08 05:00:00+00:00,65013.58,65018.64,64976.0,64995.39,118.91329
2026-08-08 06:00:00+00:00,64995.39,65014.0,64959.81,65006.61,298.35674
2026-08-08 07:00:00+00:00,65006.61,65006.61,64951.34,64960.0,169.03379
2026-08-08 08:00:00+00:00,64959.99,65020.5,64948.56,64993.87,150.80437
2026-08-08 09:00:00+00:00,64993.88,65050.0,64992.98,64994.31,303.53576
2026-08-08 10:00:00+00:00,64994.31,65022.43,64994.31,65005.87,144.30853
2026-08-08 11:00:00+00:00,65005.88,65024.1,64957.0,64967.35,178.16146
2026-08-08 12:00:00+00:00,64967.36,65050.55,64924.0,65008.34,234.45077
2026-08-08 13:00:00+00:00,65008.33,65018.0,65000.0,65015.27,187.85749
2026-08-08 14:00:00+00:00,65015.27,65192.54,65015.27,65129.02,356.35929
2026-08-08 15:00:00+00:00,65129.01,65149.57,65061.31,65080.82,186.5848
2026-08-08 16:00:00+00:00,65080.83,65116.82,65039.0,65086.45,128.83529
2026-08-08 17:00:00+00:00,65086.46,65150.0,65075.46,65119.75,187.72596
2026-08-08 18:00:00+00:00,65119.75,65119.75,65025.54,65044.07,168.52013
2026-08-08 19:00:00+00:00,65044.08,65093.7,65017.39,65075.41,205.39734
2026-08-08 20:00:00+00:00,65075.4,65100.61,65060.0,65082.41,382.31735
2026-08-08 21:00:00+00:00,65082.42,65082.42,65000.53,65012.96,216.53129
2026-08-08 22:00:00+00:00,65012.95,65038.0,64948.17,64950.61,427.30382
2026-08-08 23:00:00+00:00,64950.62,64975.99,64936.01,64962.6,204.73811
2026-08-09 00:00:00+00:00,64962.6,64991.93,64958.17,64973.65,214.05253
2026-08-09 01:00:00+00:00,64973.65,65002.0,64838.33,64861.46,330.74593
2026-08-09 02:00:00+00:00,64861.46,64863.16,64777.92,64820.01,255.40052
2026-08-09 03:00:00+00:00,64820.01,64820.01,64730.08,64788.8,153.75776
2026-08-09 04:00:00+00:00,64788.8,64826.13,64785.0,64785.0,156.31772
2026-08-09 05:00:00+00:00,64785.01,64801.58,64777.0,64801.58,194.39306
2026-08-09 06:00:00+00:00,64801.57,64867.11,64801.57,64849.99,216.36529
2026-08-09 07:00:00+00:00,64850.0,64860.01,64826.14,64826.14,338.38864
2026-08-09 08:00:00+00:00,64826.15,64960.06,64792.1,64824.16,328.93534
2026-08-09 09:00:00+00:00,64824.17,64877.86,64809.68,64877.85,149.22124
2026-08-09 10:00:00+00:00,64877.86,64994.07,64877.85,64959.86,249.48898
2026-08-09 11:00:00+00:00,64959.87,65000.0,64950.0,64950.0,150.77221
2026-08-09 12:00:00+00:00,64950.01,64962.41,64914.73,64960.11,166.88575
2026-08-09 13:00:00+00:00,64960.12,65266.0,64960.11,65219.78,406.90586
2026-08-09 14:00:00+00:00,65219.78,65300.0,65150.95,65260.01,280.8075
2026-08-09 15:00:00+00:00,65260.01,65264.0,65214.0,65228.68,364.1864
2026-08-09 16:00:00+00:00,65228.68,65266.06,65182.36,65232.14,289.41282
2026-08-09 17:00:00+00:00,65232.15,65239.18,65198.68,65198.68,130.05099
2026-08-09 18:00:00+00:00,65198.68,65220.0,65192.0,65199.68,83.21999
2026-08-09 19:00:00+00:00,65199.69,65210.0,65179.72,65180.66,257.6312
2026-08-09 20:00:00+00:00,65180.66,65181.99,65046.25,65137.96,465.99754
2026-08-09 21:00:00+00:00,65137.96,65250.0,65115.05,65192.99,485.32235
2026-08-09 22:00:00+00:00,65192.99,65474.46,64971.41,65077.13,941.55321
2026-08-09 23:00:00+00:00,65077.13,65108.0,64842.59,64901.59,421.42323
2026-08-10 00:00:00+00:00,64901.59,65322.58,64826.78,64968.01,556.44925
2026-08-10 01:00:00+00:00,64968.21,65391.14,64900.0,65189.99,410.26148
2026-08-10 02:00:00+00:00,65190.0,65220.0,64903.54,65099.99,432.7132
2026-08-10 03:00:00+00:00,65099.99,65172.0,64904.99,64982.01,335.63049
2026-08-10 04:00:00+00:00,64982.0,65100.0,64924.0,65006.73,333.49313
2026-08-10 05:00:00+00:00,65006.74,65159.25,64979.88,65134.0,299.63603
2026-08-10 06:00:00+00:00,65134.0,65339.7,65130.01,65299.4,433.93661
2026-08-10 07:00:00+00:00,65299.4,65379.13,65196.53,65202.73,554.01187
2026-08-10 08:00:00+00:00,65202.72,65328.73,65192.0,65245.58,316.81156
2026-08-10 09:00:00+00:00,65245.59,65245.59,64958.87,64967.24,389.34609
2026-08-10 10:00:00+00:00,64967.25,65074.61,64967.24,65013.06,428.4961
2026-08-10 11:00:00+00:00,65013.07,65130.16,64977.93,65125.98,160.3373
2026-08-10 12:00:00+00:00,65125.99,65237.8,64850.0,64870.75,596.12387
2026-08-10 13:00:00+00:00,64870.74,64973.72,64518.01,64561.98,1297.24239
2026-08-10 14:00:00+00:00,64561.98,64888.32,64544.01,64625.77,650.29814
2026-08-10 15:00:00+00:00,64625.77,64711.43,64203.15,64299.99,1096.33991
2026-08-10 16:00:00+00:00,64299.99,64354.0,63830.57,63904.65,1498.06925
2026-08-10 17:00:00+00:00,63904.65,64027.12,63832.0,63953.04,1290.55418
2026-08-10 18:00:00+00:00,63953.04,64020.64,63806.27,63889.39,944.06538
2026-08-10 19:00:00+00:00,63889.39,64101.34,63888.01,64045.7,543.26284
2026-08-10 20:00:00+00:00,64045.7,64215.21,64023.06,64158.5,286.34235
2026-08-10 21:00:00+00:00,64158.49,64158.5,63987.0,63987.0,239.68387
2026-08-10 22:00:00+00:00,63987.0,64055.95,63944.0,64016.0,216.96727
2026-08-10 23:00:00+00:00,64015.99,64020.0,63920.69,63970.01,328.33621
2026-08-11 00:00:00+00:00,63970.01,64058.0,63895.64,64040.0,690.26826
2026-08-11 01:00:00+00:00,64040.01,64080.1,63958.2,64060.8,355.07512
2026-08-11 02:00:00+00:00,64060.8,64086.0,64030.0,64044.59,263.24469
2026-08-11 03:00:00+00:00,64044.6,64176.0,64044.59,64155.01,524.13513
2026-08-11 04:00:00+00:00,64155.0,64159.65,64021.02,64023.51,360.17249
2026-08-11 05:00:00+00:00,64023.51,64051.93,63964.0,64000.0,217.31247
2026-08-11 06:00:00+00:00,64000.0,64050.43,63852.0,63969.28,681.87714
2026-08-11 07:00:00+00:00,63969.29,64108.0,63911.09,64065.99,380.83043
2026-08-11 08:00:00+00:00,64066.0,64148.78,64044.72,64136.41,168.66039
2026-08-11 09:00:00+00:00,64136.41,64300.0,64121.51,64300.0,453.24003
2026-08-11 10:00:00+00:00,64300.0,64312.7,64200.0,64233.23,408.12036
2026-08-11 11:00:00+00:00,64233.23,64400.0,64233.23,64389.57,538.09782
2026-08-11 12:00:00+00:00,64389.58,64515.43,64274.57,64330.01,714.43565
2026-08-11 13:00:00+00:00,64330.0,64368.42,64050.0,64200.28,1390.7479
2026-08-11 14:00:00+00:00,64200.29,64263.83,63714.75,63770.03,985.02313
2026-08-11 15:00:00+00:00,63770.03,63868.0,63451.0,63609.87,1286.57237
2026-08-11 16:00:00+00:00,63609.86,63660.0,63459.54,63512.59,740.82749
2026-08-11 17:00:00+00:00,63512.59,63632.94,63461.88,63607.88,482.84238
2026-08-11 18:00:00+00:00,63607.87,63626.03,63251.59,63373.07,749.01907
2026-08-11 19:00:00+00:00,63373.07,63536.0,63238.0,63536.0,452.04779
2026-08-11 20:00:00+00:00,63536.0,63748.37,63536.0,63740.0,321.5572
2026-08-11 21:00:00+00:00,63740.0,63768.58,63622.0,63672.73,269.417
2026-08-11 22:00:00+00:00,63672.73,63768.0,63626.25,63668.49,253.27935
2026-08-11 23:00:00+00:00,63668.5,63668.5,63543.55,63600.0,204.82882
2026-08-12 00:00:00+00:00,63600.01,63745.53,63534.01,63742.07,247.42097
2026-08-12 01:00:00+00:00,63742.07,63855.5,63698.18,63813.8,499.92358
2026-08-12 02:00:00+00:00,63813.8,63908.01,63730.72,63749.76,612.29132
2026-08-12 03:00:00+00:00,63749.77,63845.91,63709.85,63835.59,538.85374
2026-08-12 04:00:00+00:00,63835.58,63891.42,63739.99,63769.58,568.35931
2026-08-12 05:00:00+00:00,63769.58,63869.56,63724.25,63849.94,540.4656
2026-08-12 06:00:00+00:00,63849.94,63849.94,63606.15,63711.97,563.28705
2026-08-12 07:00:00+00:00,63711.97,63838.0,63644.1,63837.99,458.43036
2026-08-12 08:00:00+00:00,63838.0,63867.2,63773.98,63794.94,303.11959
2026-08-12 09:00:00+00:00,63794.95,64130.47,63768.01,64108.81,553.52986
2026-08-12 10:00:00+00:00,64108.82,64218.0,64059.99,64143.36,996.13758
2026-08-12 11:00:00+00:00,64143.36,64249.5,64113.5,64240.04,414.30431
2026-08-12 12:00:00+00:00,64240.04,64500.0,63976.37,64119.71,1297.05947
2026-08-12 13:00:00+00:00,64119.72,64159.36,63840.0,63840.0,727.44098
2026-08-12 14:00:00+00:00,63840.0,63926.13,63362.74,63363.39,1163.88428
2026-08-12 15:00:00+00:00,63363.39,63570.01,63316.0,63441.47,771.05562
2026-08-12 16:00:00+00:00,63441.48,63578.0,63368.35,63492.12,487.79219
2026-08-12 17:00:00+00:00,63492.12,63556.0,63416.4,63471.0,292.36777
2026-08-12 18:00:00+00:00,63470.99,63522.56,63373.97,63386.59,396.92257
2026-08-12 19:00:00+00:00,63386.58,63465.13,63310.34,63421.11,381.53313
2026-08-12 20:00:00+00:00,63421.11,63600.0,63421.11,63599.99,307.26199
2026-08-12 21:00:00+00:00,63600.0,63661.24,63421.61,63469.83,267.57645
2026-08-12 22:00:00+00:00,63469.84,63536.0,63370.0,63432.28,240.00896
2026-08-12 23:00:00+00:00,63432.28,63482.89,63378.23,63479.99,998.04154
2026-08-13 00:00:00+00:00,63479.99,63717.31,63460.32,63556.92,406.77009
2026-08-13 01:00:00+00:00,63556.91,63631.67,63382.45,63456.11,317.88444
2026-08-13 02:00:00+00:00,63456.1,63582.0,63380.0,63550.01,458.1649
2026-08-13 03:00:00+00:00,63550.01,63686.4,63514.21,63646.99,401.71819
2026-08-13 04:00:00+00:00,63647.0,63778.0,63591.56,63693.74,223.42484
2026-08-13 05:00:00+00:00,63693.73,64010.0,63671.64,63878.0,500.10882
2026-08-13 06:00:00+00:00,63878.01,63942.36,63757.47,63942.35,256.03719
2026-08-13 07:00:00+00:00,63942.36,63947.09,63856.13,63865.84,533.09585
2026-08-13 08:00:00+00:00,63865.84,63915.0,63742.0,63766.8,439.81868
2026-08-13 09:00:00+00:00,63766.8,63786.49,63587.99,63782.64,337.82326
2026-08-13 10:00:00+00:00,63782.65,63818.16,63586.0,63651.19,317.79982
2026-08-13 11:00:00+00:00,63651.2,63660.76,63350.0,63484.3,355.63538
2026-08-13 12:00:00+00:00,63484.31,63710.0,63450.0,63697.76,384.47294
2026-08-13 13:00:00+00:00,63697.76,63850.0,63566.0,63724.0,561.86509
2026-08-13 14:00:00+00:00,63723.99,63999.0,63686.0,63859.45,669.38212
2026-08-13 15:00:00+00:00,63859.46,63940.08,63420.0,63420.01,505.15868
2026-08-13 16:00:00+00:00,63420.01,63568.97,62802.27,63160.13,1752.37181
2026-08-13 17:00:00+00:00,63160.13,63294.61,63074.44,63144.38,644.48394
2026-08-13 18:00:00+00:00,63144.37,63369.63,63105.44,63310.0,325.89181
2026-08-13 19:00:00+00:00,63310.0,63519.39,63310.0,63407.99,349.14796
2026-08-13 20:00:00+00:00,63408.0,63474.34,63368.0,63415.55,239.68311
2026-08-13 21:00:00+00:00,63415.56,63500.0,63390.0,63474.0,188.33344
2026-08-13 22:00:00+00:00,63474.0,63640.0,63473.99,63530.01,226.97651
2026-08-13 23:00:00+00:00,63530.01,63539.03,63400.0,63490.86,397.80966
2026-08-14 00:00:00+00:00,63490.86,63552.99,63410.0,63541.45,377.80366
2026-08-14 01:00:00+00:00,63541.45,63585.92,63458.0,63575.86,310.91391
2026-08-14 02:00:00+00:00,63575.86,63617.45,63465.38,63465.39,489.39475
2026-08-14 03:00:00+00:00,63465.39,63576.0,63301.58,63310.0,296.84163
2026-08-14 04:00:00+00:00,63310.0,63472.5,63276.0,63372.56,530.66039
2026-08-14 05:00:00+00:00,63372.56,63400.3,63286.67,63379.83,201.71573
2026-08-14 06:00:00+00:00,63379.83,63379.83,62942.0,62974.14,627.73261
2026-08-14 07:00:00+00:00,62974.14,63110.0,62920.0,62920.78,730.23378
2026-08-14 08:00:00+00:00,62920.78,62997.83,62700.0,62940.01,892.48443
2026-08-14 09:00:00+00:00,62940.01,62940.01,62744.0,62792.75,501.14919
2026-08-14 10:00:00+00:00,62792.75,62946.0,62739.98,62814.14,598.55074
2026-08-14 11:00:00+00:00,62814.14,62936.82,62814.0,62868.83,444.92265
2026-08-14 12:00:00+00:00,62868.83,62913.3,62726.26,62741.69,486.51649
2026-08-14 13:00:00+00:00,62741.68,62822.33,62605.0,62668.0,987.78817
2026-08-14 14:00:00+00:00,62668.0,62797.88,62535.24,62620.01,998.23888
2026-08-14 15:00:00+00:00,62620.01,63089.18,62612.0,62990.95,988.09918
2026-08-14 16:00:00+00:00,62990.94,63215.58,62966.86,63133.48,566.22185
2026-08-14 17:00:00+00:00,63133.49,63247.05,63000.0,63013.69,454.05828
2026-08-14 18:00:00+00:00,63013.7,63088.21,62894.85,62930.01,367.77038
2026-08-14 19:00:00+00:00,62930.01,62996.0,62830.0,62968.05,394.98545
2026-08-14 20:00:00+00:00,62968.06,63020.74,62896.85,62907.59,359.43765
2026-08-14 21:00:00+00:00,62907.59,62937.22,62873.25,62928.49,179.646
2026-08-14 22:00:00+00:00,62928.49,62957.28,62800.0,62886.88,226.57205
2026-08-14 23:00:00+00:00,62886.87,63066.13,62865.03,63043.56,329.09114
2026-08-15 00:00:00+00:00,63043.56,63059.5,62992.91,63019.88,208.64233
2026-08-15 01:00:00+00:00,63019.89,63051.78,62993.57,63045.13,485.23532
2026-08-15 02:00:00+00:00,63045.14,63134.82,63035.95,63134.41,243.54429
2026-08-15 03:00:00+00:00,63134.41,63187.98,63039.99,63051.25,184.46775
2026-08-15 04:00:00+00:00,63051.25,63151.65,63051.25,63122.0,172.30243
2026-08-15 05:00:00+00:00,63122.01,63155.76,63039.99,63089.0,213.28052
2026-08-15 06:00:00+00:00,63089.0,63134.84,63027.89,63114.68,373.75318
2026-08-15 07:00:00+00:00,63114.68,63134.83,63042.0,63075.43,688.73174
2026-08-15 08:00:00+00:00,63075.43,63085.8,62933.71,62935.72,177.99645
2026-08-15 09:00:00+00:00,62935.72,63045.83,62920.0,63030.38,183.99371
2026-08-15 10:00:00+00:00,63030.39,63051.74,63002.12,63046.1,79.58111
2026-08-15 11:00:00+00:00,63046.1,63054.69,62996.85,63022.01,175.71191
2026-08-15 12:00:00+00:00,63022.01,63055.36,62946.58,63050.13,109.73402
2026-08-15 13:00:00+00:00,63050.12,63080.88,63028.11,63060.35,132.2968
2026-08-15 14:00:00+00:00,63060.34,63060.35,62996.77,63040.0,244.03751
2026-08-15 15:00:00+00:00,63040.01,63120.09,63032.0,63100.55,214.37562
2026-08-15 16:00:00+00:00,63100.55,63124.99,63066.73,63096.63,202.83972
2026-08-15 17:00:00+00:00,63096.62,63100.69,63066.21,63070.5,96.56413
2026-08-15 18:00:00+00:00,63070.49,63115.58,63044.37,63057.58,294.79086
2026-08-15 19:00:00+00:00,63057.58,63127.4,63057.57,63126.08,516.06271
2026-08-15 20:00:00+00:00,63126.07,63126.08,63076.96,63103.29,55.31906
2026-08-15 21:00:00+00:00,63103.29,63168.95,63103.29,63159.04,170.99952
2026-08-15 22:00:00+00:00,63159.04,63175.0,63135.52,63135.52,95.56932
2026-08-15 23:00:00+00:00,63135.52,63139.96,63086.0,63086.01,85.33037
2026-08-16 00:00:00+00:00,63086.01,63086.01,63061.47,63085.82,94.57372
2026-08-16 01:00:00+00:00,63085.81,63085.82,63012.0,63084.78,180.55557
2026-08-16 02:00:00+00:00,63084.78,63151.59,63024.22,63121.91,245.34897
2026-08-16 03:00:00+00:00,63121.92,63130.01,63115.61,63130.0,105.94774
2026-08-16 04:00:00+00:00,63130.01,63158.8,63090.0,63090.01,130.32114
2026-08-16 05:00:00+00:00,63090.0,63094.0,63040.0,63069.43,235.12057
2026-08-16 06:00:00+00:00,63069.43,63083.79,63043.21,63069.31,280.31849
2026-08-16 07:00:00+00:00,63069.32,63069.32,63054.34,63061.02,146.93998
2026-08-16 08:00:00+00:00,63061.03,63079.76,63061.02,63072.42,108.9221
2026-08-16 09:00:00+00:00,63072.43,63072.43,62968.45,62992.69,290.93169
2026-08-16 10:00:00+00:00,62992.68,63013.62,62968.45,63008.57,133.29459
2026-08-16 11:00:00+00:00,63008.56,63013.66,62981.93,63013.66,213.61707
2026-08-16 12:00:00+00:00,63013.66,63025.42,62997.77,63021.98,78.74312
2026-08-16 13:00:00+00:00,63021.99,63070.05,63021.98,63060.01,146.76198
2026-08-16 14:00:00+00:00,63060.01,63102.86,63060.0,63102.85,159.23473
2026-08-16 15:00:00+00:00,63102.86,63146.4,63102.86,63146.39,173.3934
2026-08-16 16:00:00+00:00,63146.39,63390.0,63137.35,63260.01,394.04188
2026-08-16 17:00:00+00:00,63260.0,63276.61,63120.22,63159.3,190.81967
2026-08-16 18:00:00+00:00,63159.31,63173.71,63120.0,63140.06,89.92171
2026-08-16 19:00:00+00:00,63140.05,63230.0,63100.89,63108.81,186.2917
2026-08-16 20:00:00+00:00,63108.8,63140.0,63027.6,63067.79,122.98382
2026-08-16 21:00:00+00:00,63067.79,63085.15,62754.0,62929.61,328.59983
2026-08-16 22:00:00+00:00,62929.61,62954.0,62716.0,62913.7,453.8874
2026-08-16 23:00:00+00:00,62913.7,62993.77,62830.0,62900.0,246.66048
2026-08-17 00:00:00+00:00,62900.0,62956.0,62751.1,62917.54,577.24276
2026-08-17 01:00:00+00:00,62917.54,63246.91,62896.0,63116.12,495.52019
2026-08-17 02:00:00+00:00,63116.12,63500.0,63037.09,63403.34,459.80516
2026-08-17 03:00:00+00:00,63403.33,63520.0,63339.78,63429.21,637.65934
2026-08-17 04:00:00+00:00,63429.21,63580.0,63429.21,63532.44,714.19197
2026-08-17 05:00:00+00:00,63532.43,63594.76,63446.59,63520.18,770.70619
2026-08-17 06:00:00+00:00,63520.18,63717.17,63477.95,63667.99,312.69187
2026-08-17 07:00:00+00:00,63668.0,63668.0,63500.0,63514.45,696.41924
2026-08-17 08:00:00+00:00,63514.45,63545.08,63350.0,63380.84,520.36494
2026-08-17 09:00:00+00:00,63380.83,63428.0,63295.0,63323.96,311.26926
2026-08-17 10:00:00+00:00,63323.97,63694.26,63300.25,63692.21,683.00101
2026-08-17 11:00:00+00:00,63692.2,63781.69,63587.05,63631.1,428.28018
2026-08-17 12:00:00+00:00,63631.11,63680.0,63533.06,63554.69,405.66003
2026-08-17 13:00:00+00:00,63554.7,63799.64,63444.17,63672.36,585.29579
2026-08-17 14:00:00+00:00,63672.37,63904.76,63588.0,63902.63,583.47166
2026-08-17 15:00:00+00:00,63902.63,64227.27,63812.35,64200.0,1356.1435
2026-08-17 16:00:00+00:00,64200.0,64216.42,64058.0,64115.76,671.84426
2026-08-17 17:00:00+00:00,64115.76,64425.0,63979.3,64325.99,1418.9831
2026-08-17 18:00:00+00:00,64325.99,64610.01,64280.49,64428.87,1040.45275
2026-08-17 19:00:00+00:00,64428.88,64428.88,64288.35,64309.96,452.68874
2026-08-17 20:00:00+00:00,64309.95,64434.0,64266.0,64392.73,244.13801
2026-08-17 21:00:00+00:00,64392.72,64434.76,64296.0,64382.02,218.14648
2026-08-17 22:00:00+00:00,64382.02,64416.0,64283.49,64291.25,321.62233
2026-08-17 23:00:00+00:00,64291.26,64578.0,64288.24,64532.1,350.04837
2026-08-18 00:00:00+00:00,64532.11,64568.46,64367.27,64383.71,332.9031
2026-08-18 01:00:00+00:00,64383.72,64387.71,64156.0,64200.06,378.48537
2026-08-18 02:00:00+00:00,64200.06,64272.0,64048.0,64103.22,442.34864
2026-08-18 03:00:00+00:00,64103.22,64195.45,64047.73,64185.01,577.49413
2026-08-18 04:00:00+00:00,64185.0,64250.69,64090.0,64210.32,739.25374
2026-08-18 05:00:00+00:00,64210.33,64276.0,64140.0,64242.76,1323.90812
2026-08-18 06:00:00+00:00,64242.76,64446.0,64170.0,64318.03,694.7657
2026-08-18 07:00:00+00:00,64318.03,64350.0,64164.0,64198.97,394.05527
2026-08-18 08:00:00+00:00,64198.97,64336.0,64087.98,64296.02,402.40674
2026-08-18 09:00:00+00:00,64296.01,64296.01,64140.0,64171.95,269.49893
2026-08-18 10:00:00+00:00,64171.95,64216.0,64123.42,64202.8,219.75251
2026-08-18 11:00:00+00:00,64202.81,64402.35,64192.42,64351.19,310.52659
2026-08-18 12:00:00+00:00,64351.18,64355.64,64218.45,64230.02,236.94493
2026-08-18 13:00:00+00:00,64230.02,64284.0,64027.85,64219.99,1179.78725
2026-08-18 14:00:00+00:00,64219.99,65058.81,64219.99,64714.16,1757.31459
2026-08-18 15:00:00+00:00,64714.16,64888.0,64652.0,64855.06,513.17463
2026-08-18 16:00:00+00:00,64855.06,64891.81,64675.5,64840.0,419.07089
2026-08-18 17:00:00+00:00,64840.0,64840.01,64670.02,64670.02,400.18777
2026-08-18 18:00:00+00:00,64670.02,64822.0,64656.0,64772.0,219.3896
2026-08-18 19:00:00+00:00,64771.99,64796.0,64642.36,64643.26,185.09854
2026-08-18 20:00:00+00:00,64643.27,64654.87,64568.0,64582.39,191.92081
2026-08-18 21:00:00+00:00,64582.38,64653.97,64571.48,64604.58,187.67225
2026-08-18 22:00:00+00:00,64604.58,64648.0,64562.25,64634.0,200.09422
2026-08-18 23:00:00+00:00,64634.0,64780.0,64631.15,64725.42,213.8588
2026-08-19 00:00:00+00:00,64725.42,64736.27,64488.0,64488.0,247.80518
2026-08-19 01:00:00+00:00,64488.0,64551.47,64389.27,64400.48,314.2814
2026-08-19 02:00:00+00:00,64400.47,64414.65,64350.0,64351.9,547.93834
2026-08-19 03:00:00+00:00,64351.86,64414.0,64278.0,64330.71,258.70445
2026-08-19 04:00:00+00:00,64330.7,64391.8,64293.43,64316.22,402.06932
2026-08-19 05:00:00+00:00,64316.22,64409.93,64236.0,64236.01,258.31718
2026-08-19 06:00:00+00:00,64236.01,64344.0,64166.0,64339.8,531.39508
2026-08-19 07:00:00+00:00,64339.8,64395.78,64271.78,64296.0,630.66386
2026-08-19 08:00:00+00:00,64296.01,64510.95,64255.0,64413.95,381.23164
2026-08-19 09:00:00+00:00,64413.95,64470.66,64360.7,64427.06,228.1951
2026-08-19 10:00:00+00:00,64427.07,64456.71,64373.24,64456.71,262.84871
2026-08-19 11:00:00+00:00,64456.71,64539.05,64454.99,64515.63,286.02228
2026-08-19 12:00:00+00:00,64515.62,64988.0,64474.86,64882.15,785.09851
2026-08-19 13:00:00+00:00,64882.15,65217.86,64793.29,65012.12,1619.46727
2026-08-19 14:00:00+00:00,65012.12,65970.0,65012.11,65923.21,2365.56793
2026-08-19 15:00:00+00:00,65923.21,69500.0,65892.0,68554.0,9262.86965
2026-08-19 16:00:00+00:00,68554.0,68997.0,68416.36,68465.27,2013.58518
2026-08-19 17:00:00+00:00,68465.26,68546.22,67825.03,68197.29,1708.46485
2026-08-19 18:00:00+00:00,68197.3,68453.43,68042.0,68395.99,626.01288
2026-08-19 19:00:00+00:00,68396.0,68483.52,68103.71,68429.44,730.52396
2026-08-19 20:00:00+00:00,68429.44,69579.99,68390.0,69048.06,1419.23549
2026-08-19 21:00:00+00:00,69048.06,70000.0,68984.78,69709.46,2102.52662
2026-08-19 22:00:00+00:00,69709.47,69833.99,68980.0,69258.9,1240.65644
2026-08-19 23:00:00+00:00,69258.9,69453.88,69160.0,69334.79,830.81844
2026-08-20 00:00:00+00:00,69334.78,69793.21,69314.01,69420.0,1392.50902
2026-08-20 01:00:00+00:00,69420.0,69894.5,69283.25,69721.92,864.23959
2026-08-20 02:00:00+00:00,69721.92,69824.0,69268.0,69301.27,929.59108
2026-08-20 03:00:00+00:00,69301.27,69340.0,68902.22,69195.64,941.77624
2026-08-20 04:00:00+00:00,69195.64,69599.01,69166.0,69492.01,712.36152
2026-08-20 05:00:00+00:00,69492.0,69668.0,69349.16,69406.54,1261.47615
2026-08-20 06:00:00+00:00,69406.53,69927.97,69336.97,69851.99,1346.47743
2026-08-20 07:00:00+00:00,69851.99,70022.0,69506.91,69816.45,2107.14536
2026-08-20 08:00:00+00:00,69816.45,71826.26,69772.36,71592.1,4173.84476
2026-08-20 09:00:00+00:00,71592.11,72067.46,71500.0,71789.97,3166.23325
2026-08-20 10:00:00+00:00,71789.97,72490.0,71686.58,71995.99,2350.9646
2026-08-20 11:00:00+00:00,71995.99,72322.0,71820.0,71927.07,1357.58479
2026-08-20 12:00:00+00:00,71927.07,72015.42,71501.0,71952.04,1576.86402
2026-08-20 13:00:00+00:00,71952.04,72108.8,71132.0,71691.99,2151.9086
2026-08-20 14:00:00+00:00,71692.0,71990.09,71364.01,71826.85,1441.04171
2026-08-20 15:00:00+00:00,71826.85,72830.0,71789.01,72470.83,2926.7352
2026-08-20 16:00:00+00:00,72470.84,72905.0,72205.88,72837.15,1324.40386
2026-08-20 17:00:00+00:00,72837.15,72966.0,72534.71,72737.5,1268.41951
2026-08-20 18:00:00+00:00,72737.51,72810.0,72394.0,72431.36,968.00662
2026-08-20 19:00:00+00:00,72431.35,72774.0,72330.0,72690.76,818.65084
2026-08-20 20:00:00+00:00,72690.76,73110.7,72594.0,72671.75,871.61952
2026-08-20 21:00:00+00:00,72671.76,72848.0,72557.0,72741.81,501.87504
2026-08-20 22:00:00+00:00,72741.81,72878.0,72498.0,72676.22,520.26326
2026-08-20 23:00:00+00:00,72676.23,73400.0,72664.56,73025.15,930.8009
2026-08-21 00:00:00+00:00,73027.02,73990.0,73027.02,73708.02,1919.94005
2026-08-21 01:00:00+00:00,73707.82,75785.82,73668.0,75129.23,3173.32947
2026-08-21 02:00:00+00:00,75129.23,75197.08,74384.63,74439.74,1716.15486
2026-08-21 03:00:00+00:00,74439.75,74882.24,74247.46,74510.77,1039.80072
2026-08-21 04:00:00+00:00,74510.77,75054.46,74510.77,75026.0,825.51685
2026-08-21 05:00:00+00:00,75026.0,75500.0,74918.79,75472.73,1138.68225
2026-08-21 06:00:00+00:00,75472.73,75753.0,75104.0,75646.21,1382.10073
2026-08-21 07:00:00+00:00,75646.2,76916.95,75620.0,76308.65,3775.56433
2026-08-21 08:00:00+00:00,76308.66,79500.0,76235.76,79258.03,4366.47306
2026-08-21 09:00:00+00:00,79258.02,79363.79,77251.0,77910.71,4167.07817
2026-08-21 10:00:00+00:00,77910.71,78250.0,77621.8,77810.02,1604.18384
2026-08-21 11:00:00+00:00,77810.01,77855.78,76411.38,76722.32,2387.74046
2026-08-21 12:00:00+00:00,76722.31,77477.24,76538.0,77223.66,2680.17653
2026-08-21 13:00:00+00:00,77223.66,77700.0,76243.04,77266.87,2022.51306
2026-08-21 14:00:00+00:00,77266.88,77448.26,76552.74,77384.68,1855.76373
2026-08-21 15:00:00+00:00,77384.69,77871.33,77170.0,77221.98,1316.36575
2026-08-21 16:00:00+00:00,77221.98,77563.53,76784.81,77486.01,1368.21973
2026-08-21 17:00:00+00:00,77486.01,77722.12,77189.95,77392.68,1099.33856
2026-08-21 18:00:00+00:00,77392.69,77550.0,76643.72,77146.0,1247.39698
2026-08-21 19:00:00+00:00,77145.99,77360.0,76856.2,77028.94,1151.33799
2026-08-21 20:00:00+00:00,77028.94,77548.99,76863.56,77520.19,905.49008
2026-08-21 21:00:00+00:00,77520.19,78675.1,77388.0,78505.15,1351.97974
2026-08-21 22:00:00+00:00,78505.14,78760.68,78081.8,78460.14,1022.8221
2026-08-21 23:00:00+00:00,78460.13,78720.0,78100.26,78338.03,821.59664
2026-08-22 00:00:00+00:00,78338.03,78500.0,77683.37,77953.3,822.10615
2026-08-22 01:00:00+00:00,77953.3,78234.0,77816.66,77830.01,612.96043
2026-08-22 02:00:00+00:00,77830.01,78563.83,77791.19,78470.0,965.16893
2026-08-22 03:00:00+00:00,78470.0,78828.15,78372.0,78410.98,734.8031
2026-08-22 04:00:00+00:00,78410.98,78818.0,78207.61,78470.0,738.35305
2026-08-22 05:00:00+00:00,78470.0,78584.0,76500.0,77380.75,3816.352
2026-08-22 06:00:00+00:00,77380.75,77572.16,76985.14,77486.09,838.31259
2026-08-22 07:00:00+00:00,77486.09,77669.28,77220.0,77289.18,634.34953
2026-08-22 08:00:00+00:00,77289.18,77445.6,77037.42,77210.55,870.47609
2026-08-22 09:00:00+00:00,77210.55,77395.04,76851.25,77061.99,1089.30988
2026-08-22 10:00:00+00:00,77062.0,77187.46,76533.87,76976.0,1058.83574
2026-08-22 11:00:00+00:00,76976.01,77204.68,76772.05,77130.02,729.38003
2026-08-22 12:00:00+00:00,77130.01,77387.99,77073.86,77300.27,529.84412
2026-08-22 13:00:00+00:00,77300.27,77362.03,77116.0,77288.62,471.5874
2026-08-22 14:00:00+00:00,77288.62,77305.14,76930.0,77003.62,534.05012
2026-08-22 15:00:00+00:00,77003.62,77100.77,76880.0,76978.83,465.28762
2026-08-22 16:00:00+00:00,76978.83,77547.96,76956.36,77288.01,537.52059
2026-08-22 17:00:00+00:00,77288.01,77369.99,77066.66,77278.01,367.89271
2026-08-22 18:00:00+00:00,77278.01,77360.92,77138.0,77257.86,246.33381
2026-08-22 19:00:00+00:00,77257.87,77469.64,77206.53,77418.25,260.41653
2026-08-22 20:00:00+00:00,77418.26,77467.53,77258.0,77311.69,351.69043
2026-08-22 21:00:00+00:00,77311.69,77311.69,76828.78,76856.01,472.54194
2026-08-22 22:00:00+00:00,76856.0,77155.46,76772.0,76997.76,933.98314
2026-08-22 23:00:00+00:00,76997.77,77126.53,76900.0,77074.93,442.95254
2026-08-23 00:00:00+00:00,77074.94,77359.53,77042.91,77302.65,422.64795
2026-08-23 01:00:00+00:00,77302.65,77400.0,77158.0,77190.29,315.9346
2026-08-23 02:00:00+00:00,77190.29,77232.55,77005.88,77079.46,272.44621
2026-08-23 03:00:00+00:00,77079.46,77136.78,76837.0,76927.87,542.03792
2026-08-23 04:00:00+00:00,76927.87,77036.58,76477.04,76602.0,1142.31377
2026-08-23 05:00:00+00:00,76602.0,76730.99,75545.67,76053.37,2021.52468
2026-08-23 06:00:00+00:00,76053.38,76357.51,75872.89,76096.95,788.44492
2026-08-23 07:00:00+00:00,76096.96,76345.31,75907.82,76007.13,498.42122
2026-08-23 08:00:00+00:00,76007.12,76654.78,75952.09,76486.49,773.49224
2026-08-23 09:00:00+00:00,76486.49,76640.21,76467.0,76549.98,346.37256
2026-08-23 10:00:00+00:00,76549.99,76924.29,76542.0,76790.35,533.71157
2026-08-23 11:00:00+00:00,76790.35,77400.0,76744.94,77311.02,784.82342
2026-08-23 12:00:00+00:00,77311.02,77311.99,76975.63,77206.0,446.59889
2026-08-23 13:00:00+00:00,77206.01,77765.8,77192.21,77487.62,955.92825
2026-08-23 14:00:00+00:00,77487.62,77640.58,76802.0,77186.0,1015.68445
2026-08-23 15:00:00+00:00,77186.0,77336.93,76913.49,77156.13,562.15936
2026-08-23 16:00:00+00:00,77156.14,77475.0,77156.13,77429.88,303.2396
2026-08-23 17:00:00+00:00,77429.87,77443.95,77148.2,77176.41,396.15987
2026-08-23 18:00:00+00:00,77176.41,77415.33,77116.0,77341.98,670.17194
2026-08-23 19:00:00+00:00,77341.99,77487.04,77255.99,77346.01,294.93858
2026-08-23 20:00:00+00:00,77346.0,77460.0,77200.03,77401.6,169.97755
2026-08-23 21:00:00+00:00,77401.59,78052.85,77401.59,77833.23,861.63202
2026-08-23 22:00:00+00:00,77833.23,77979.0,77560.02,77598.88,587.36494
2026-08-23 23:00:00+00:00,77598.87,77829.7,77290.22,77734.0,661.20534
2026-08-24 00:00:00+00:00,77734.0,77742.0,77142.85,77679.5,630.62998
2026-08-24 01:00:00+00:00,77679.51,77717.28,76918.0,76922.1,853.47221
2026-08-24 02:00:00+00:00,76922.11,77545.08,76883.61,77478.69,732.4439
2026-08-24 03:00:00+00:00,77478.7,77532.37,76933.0,76933.02,1447.49069
2026-08-24 04:00:00+00:00,76933.02,77247.12,76670.01,76897.44,1191.36747
2026-08-24 05:00:00+00:00,76897.44,77226.93,76842.72,77149.4,884.51745
2026-08-24 06:00:00+00:00,77149.39,77525.09,77071.0,77464.33,745.9839
2026-08-24 07:00:00+00:00,77464.33,77790.19,77281.68,77307.15,681.33125
2026-08-24 08:00:00+00:00,77307.14,77414.88,76838.0,77041.47,921.46444
2026-08-24 09:00:00+00:00,77041.46,77602.8,77028.0,77554.08,523.00977
2026-08-24 10:00:00+00:00,77554.08,78017.0,77534.09,77617.22,1113.08488
2026-08-24 11:00:00+00:00,77617.23,78600.0,77450.0,78443.65,1324.46087
2026-08-24 12:00:00+00:00,78443.65,79326.48,77982.0,79159.99,1858.84351
2026-08-24 13:00:00+00:00,79159.98,79450.0,77851.9,78597.99,3300.58408
2026-08-24 14:00:00+00:00,78597.99,79841.12,78597.99,79510.92,3230.14333
2026-08-24 15:00:00+00:00,79510.93,80000.0,78824.78,79100.01,3666.17565
2026-08-24 16:00:00+00:00,79100.01,79877.87,78901.1,79047.6,1877.28842
2026-08-24 17:00:00+00:00,79047.61,79198.0,78468.61,78761.14,1637.93002
2026-08-24 18:00:00+00:00,78761.14,79084.22,78718.01,78928.35,783.83103
2026-08-24 19:00:00+00:00,78928.35,79118.42,78600.0,78758.0,1063.06502
2026-08-24 20:00:00+00:00,78757.99,78996.0,78560.0,78932.33,421.20967
2026-08-24 21:00:00+00:00,78932.33,79049.4,78853.43,78984.23,302.47665
2026-08-24 22:00:00+00:00,78984.23,78988.0,78692.0,78740.0,351.77026
2026-08-24 23:00:00+00:00,78740.0,79017.76,78622.13,78992.75,636.71946
2026-08-25 00:00:00+00:00,78992.76,79888.0,78715.63,79739.99,1133.49463
2026-08-25 01:00:00+00:00,79739.99,79985.41,79478.0,79828.0,1067.23419
2026-08-25 02:00:00+00:00,79828.0,81272.62,79742.0,80649.63,3314.90532
2026-08-25 03:00:00+00:00,80649.62,80956.0,80314.31,80488.01,1359.49076
2026-08-25 04:00:00+00:00,80488.01,80608.0,80150.0,80363.73,898.81211
2026-08-25 05:00:00+00:00,80363.74,80821.53,80322.0,80731.9,994.03992
2026-08-25 06:00:00+00:00,80731.9,80923.69,80420.0,80574.09,745.39881
2026-08-25 07:00:00+00:00,80574.09,80819.67,79369.17,79705.79,1307.68383
2026-08-25 08:00:00+00:00,79705.79,80249.0,79622.0,79930.77,788.31559
2026-08-25 09:00:00+00:00,79930.76,79958.0,78888.0,79187.2,1475.2851
2026-08-25 10:00:00+00:00,79187.2,79484.01,78992.0,79309.63,836.94668
2026-08-25 11:00:00+00:00,79309.63,79463.59,79044.18,79117.99,617.29432
2026-08-25 12:00:00+00:00,79118.0,79171.88,78640.0,78980.0,1007.3407
2026-08-25 13:00:00+00:00,78980.01,79222.0,78120.74,78647.99,1734.1222
2026-08-25 14:00:00+00:00,78648.0,79386.94,78531.55,79235.99,1216.06528
2026-08-25 15:00:00+00:00,79236.0,79527.09,79020.04,79502.01,794.08262
2026-08-25 16:00:00+00:00,79502.01,79563.71,79067.72,79156.02,676.1787
2026-08-25 17:00:00+00:00,79156.02,79256.08,78752.06,79240.01,747.28203
2026-08-25 18:00:00+00:00,79240.02,79380.0,79048.44,79128.0,469.50082
2026-08-25 19:00:00+00:00,79128.01,79233.57,78728.35,78925.95,702.86873
2026-08-25 20:00:00+00:00,78925.96,78976.0,78165.27,78206.13,777.55096
2026-08-25 21:00:00+00:00,78206.14,78664.0,77851.0,78570.0,840.88883
2026-08-25 22:00:00+00:00,78569.99,79000.0,78569.99,78889.51,577.33833
2026-08-25 23:00:00+00:00,78889.51,78977.49,78396.88,78539.14,690.39348
2026-08-26 00:00:00+00:00,78539.13,78721.48,78312.0,78631.79,680.65038
2026-08-26 01:00:00+00:00,78631.7,78960.0,78607.29,78815.13,572.39774
2026-08-26 02:00:00+00:00,78815.13,79251.6,78748.56,79108.0,505.52805
2026-08-26 03:00:00+00:00,79108.01,79184.0,78900.0,79088.62,453.50631
2026-08-26 04:00:00+00:00,79088.61,79200.0,78790.68,78826.0,482.93427
2026-08-26 05:00:00+00:00,78826.0,79143.62,78638.0,79085.98,515.23689
2026-08-26 06:00:00+00:00,79085.98,79206.0,78816.0,78947.92,459.3577
2026-08-26 07:00:00+00:00,78947.92,79096.0,78867.0,78925.56,516.24118
2026-08-26 08:00:00+00:00,78925.57,79119.37,78600.0,78707.59,995.42693
2026-08-26 09:00:00+00:00,78707.59,78877.02,78244.83,78444.49,553.36821
2026-08-26 10:00:00+00:00,78444.5,78879.75,78291.09,78727.45,367.28381
2026-08-26 11:00:00+00:00,78727.46,78782.0,78317.0,78487.26,413.44093
2026-08-26 12:00:00+00:00,78487.26,78713.79,77918.25,78319.59,1022.94925
2026-08-26 13:00:00+00:00,78319.58,78554.0,77913.19,78448.66,943.22287
2026-08-26 14:00:00+00:00,78448.66,78603.41,77774.0,77790.48,1051.14695
2026-08-26 15:00:00+00:00,77790.48,78167.26,77632.58,78011.65,712.24119
2026-08-26 16:00:00+00:00,78011.64,78161.73,77858.0,77991.3,600.54786
2026-08-26 17:00:00+00:00,77991.29,78603.0,77991.29,78442.83,585.12324
2026-08-26 18:00:00+00:00,78442.84,78650.26,78280.01,78472.41,337.24489
2026-08-26 19:00:00+00:00,78472.41,78572.0,78292.0,78475.49,466.85134
2026-08-26 20:00:00+00:00,78475.49,78521.7,78200.0,78452.04,322.22426
2026-08-26 21:00:00+00:00,78452.04,78845.06,78392.19,78724.01,428.48439
2026-08-26 22:00:00+00:00,78724.0,78975.85,78554.0,78700.0,931.26213
2026-08-26 23:00:00+00:00,78700.0,79174.12,78654.0,79023.75,697.0881
2026-08-27 00:00:00+00:00,79023.75,79028.49,78690.01,78690.01,527.82725
2026-08-27 01:00:00+00:00,78690.02,79017.99,78546.13,78898.67,520.71745
2026-08-27 02:00:00+00:00,78898.68,78978.0,78704.62,78717.76,429.02181
2026-08-27 03:00:00+00:00,78717.76,78990.0,78643.23,78830.68,357.29079
2026-08-27 04:00:00+00:00,78830.68,78900.0,78684.18,78783.99,181.61392
2026-08-27 05:00:00+00:00,78783.99,78928.0,78600.0,78912.55,297.32854
2026-08-27 06:00:00+00:00,78912.54,78912.55,78604.78,78817.49,399.15003
2026-08-27 07:00:00+00:00,78817.5,79095.99,78754.0,79082.17,345.94116
2026-08-27 08:00:00+00:00,79082.18,80022.0,79048.0,79755.99,1705.62217
2026-08-27 09:00:00+00:00,79756.0,80520.0,79683.09,79986.0,1131.87984
2026-08-27 10:00:00+00:00,79986.0,80158.15,79342.0,79626.0,684.67175
2026-08-27 11:00:00+00:00,79625.99,79766.3,79172.65,79477.67,621.11446
2026-08-27 12:00:00+00:00,79477.66,79596.0,79266.0,79282.31,505.96518
2026-08-27 13:00:00+00:00,79282.31,79568.0,78920.0,79533.15,1143.32188
2026-08-27 14:00:00+00:00,79533.16,80388.0,79354.47,80204.05,1464.1918
2026-08-27 15:00:00+00:00,80204.06,80799.91,80094.0,80302.32,1415.34964
2026-08-27 16:00:00+00:00,80302.32,80624.0,80189.39,80374.0,957.98058
2026-08-27 17:00:00+00:00,80374.0,80848.74,80230.0,80442.46,973.76075
2026-08-27 18:00:00+00:00,80442.47,80442.47,79749.7,80150.69,662.82544
2026-08-27 19:00:00+00:00,80150.69,80294.11,79886.0,79910.19,514.60852
2026-08-27 20:00:00+00:00,79910.19,80120.0,79882.86,80096.0,282.87253
2026-08-27 21:00:00+00:00,80096.0,80184.0,79975.74,80184.0,278.41542
2026-08-27 22:00:00+00:00,80184.0,80432.36,80150.0,80303.21,534.24073
2026-08-27 23:00:00+00:00,80303.21,80393.6,80134.0,80249.58,329.82531
2026-08-28 00:00:00+00:00,80249.59,80705.37,80153.99,80576.0,516.59696
2026-08-28 01:00:00+00:00,80575.99,81478.87,80434.15,80500.38,1463.05089
2026-08-28 02:00:00+00:00,80500.38,80500.38,79723.02,79926.11,1190.20509
2026-08-28 03:00:00+00:00,79926.11,80060.01,79775.61,79810.49,530.69453
2026-08-28 04:00:00+00:00,79810.48,79970.5,79603.81,79643.81,562.86792
2026-08-28 05:00:00+00:00,79643.8,79872.6,79558.11,79686.0,326.58104
2026-08-28 06:00:00+00:00,79686.0,79999.0,79685.99,79904.21,359.1323
2026-08-28 07:00:00+00:00,79904.21,79904.21,79573.36,79660.0,1018.10642
2026-08-28 08:00:00+00:00,79660.0,79840.0,79480.0,79516.78,526.20796
2026-08-28 09:00:00+00:00,79516.77,79516.78,79259.43,79285.19,541.74443
2026-08-28 10:00:00+00:00,79285.19,79571.99,79001.01,79565.89,548.77151
2026-08-28 11:00:00+00:00,79565.9,79770.29,79555.22,79604.13,394.07937
2026-08-28 12:00:00+00:00,79604.12,79727.36,79306.11,79421.05,400.05317
2026-08-28 13:00:00+00:00,79421.04,79635.01,79034.56,79330.75,843.2247
2026-08-28 14:00:00+00:00,79330.34,79706.64,78423.03,79542.44,2930.13002
2026-08-28 15:00:00+00:00,79542.44,79838.73,78312.64,78331.13,1255.01594
2026-08-28 16:00:00+00:00,78331.13,78404.0,76888.0,77788.46,2955.61638
2026-08-28 17:00:00+00:00,77788.45,78131.86,77642.78,77904.0,722.76014
2026-08-28 18:00:00+00:00,77904.0,77935.5,77270.0,77554.0,575.36359
2026-08-28 19:00:00+00:00,77554.0,77797.35,77376.0,77580.03,501.052
2026-08-28 20:00:00+00:00,77580.03,77609.83,77310.24,77407.34,264.10726
2026-08-28 21:00:00+00:00,77407.34,77537.33,77255.69,77364.0,392.38715
2026-08-28 22:00:00+00:00,77364.0,77773.2,77342.0,77758.69,339.14252
2026-08-28 23:00:00+00:00,77758.69,77846.72,77640.74,77845.87,599.54517
2026-08-29 00:00:00+00:00,77845.88,77963.92,77722.0,77733.63,321.80979
2026-08-29 01:00:00+00:00,77733.63,77849.29,77631.28,77794.11,235.06968
2026-08-29 02:00:00+00:00,77794.11,77829.72,77584.53,77671.18,367.62079
2026-08-29 03:00:00+00:00,77671.18,77731.43,77507.16,77507.17,238.89187
2026-08-29 04:00:00+00:00,77507.17,77678.67,77507.17,77648.91,229.90598
2026-08-29 05:00:00+00:00,77648.91,77716.12,77604.06,77632.53,195.32253
2026-08-29 06:00:00+00:00,77632.52,77632.53,77382.37,77466.82,305.02922
2026-08-29 07:00:00+00:00,77466.83,77672.0,77438.01,77626.01,933.89852
2026-08-29 08:00:00+00:00,77626.01,77634.0,77487.73,77633.99,281.67849
2026-08-29 09:00:00+00:00,77634.0,77754.23,77566.01,77650.03,212.52791
2026-08-29 10:00:00+00:00,77650.02,77732.0,77526.0,77635.17,228.16206
2026-08-29 11:00:00+00:00,77635.17,77724.99,77573.32,77584.67,269.60514
2026-08-29 12:00:00+00:00,77584.66,77657.99,77506.63,77583.74,316.37633
2026-08-29 13:00:00+00:00,77583.74,77722.0,77559.45,77704.32,195.58499
2026-08-29 14:00:00+00:00,77704.32,78150.0,77663.83,78014.37,456.42164
2026-08-29 15:00:00+00:00,78014.37,78014.37,77806.9,77865.36,314.87544
2026-08-29 16:00:00+00:00,77865.36,78130.43,77858.29,78027.17,330.48346
2026-08-29 17:00:00+00:00,78027.17,78100.0,77896.0,78100.0,210.10626
2026-08-29 18:00:00+00:00,78099.99,78250.0,78018.02,78158.01,252.93546
2026-08-29 19:00:00+00:00,78158.01,78330.0,78138.87,78182.0,231.34566
2026-08-29 20:00:00+00:00,78181.99,78298.0,78117.95,78129.92,132.29288
2026-08-29 21:00:00+00:00,78129.92,78198.0,78062.0,78161.63,132.03751
2026-08-29 22:00:00+00:00,78161.62,78239.4,78086.0,78228.34,298.22816
2026-08-29 23:00:00+00:00,78228.33,78283.7,78190.0,78230.0,326.0928
2026-08-30 00:00:00+00:00,78230.0,78330.0,78147.17,78179.86,185.20224
2026-08-30 01:00:00+00:00,78179.86,78190.0,77994.02,78081.5,257.05271
2026-08-30 02:00:00+00:00,78081.49,78178.02,78014.74,78106.01,119.64466
2026-08-30 03:00:00+00:00,78106.0,78233.7,78065.99,78144.68,254.40453
2026-08-30 04:00:00+00:00,78144.68,78220.0,77990.0,78109.75,215.53426
2026-08-30 05:00:00+00:00,78109.74,78214.0,78109.74,78127.71,161.29313
2026-08-30 06:00:00+00:00,78127.72,78310.71,78106.07,78280.34,208.68022
2026-08-30 07:00:00+00:00,78280.34,78291.27,78118.0,78118.0,137.5055
2026-08-30 08:00:00+00:00,78118.0,78207.22,78034.0,78074.01,143.67594
2026-08-30 09:00:00+00:00,78074.01,78118.87,77986.0,78000.01,165.26795
2026-08-30 10:00:00+00:00,78000.01,78145.29,77962.49,78145.29,168.30514
2026-08-30 11:00:00+00:00,78145.29,78242.0,78117.11,78166.0,172.04094
2026-08-30 12:00:00+00:00,78165.99,78850.81,78165.99,78785.06,814.10982
2026-08-30 13:00:00+00:00,78785.06,78966.76,78590.14,78860.0,488.8202
2026-08-30 14:00:00+00:00,78860.01,78945.94,78722.0,78783.71,439.32977
2026-08-30 15:00:00+00:00,78783.7,78912.94,78626.0,78823.63,553.82108
2026-08-30 16:00:00+00:00,78823.62,79400.0,78750.0,79337.93,667.56388
2026-08-30 17:00:00+00:00,79337.93,79337.93,78774.85,79021.02,460.72685
2026-08-30 18:00:00+00:00,79021.02,79181.99,78776.0,79036.69,293.7787
2026-08-30 19:00:00+00:00,79036.68,79041.96,78721.98,78856.39,232.19118
2026-08-30 20:00:00+00:00,78856.39,78931.49,78438.23,78597.33,294.2134
2026-08-30 21:00:00+00:00,78597.32,78733.77,78229.82,78653.0,461.41088
2026-08-30 22:00:00+00:00,78653.0,78804.0,78280.0,78422.01,390.42367
2026-08-30 23:00:00+00:00,78422.01,78454.0,77000.0,77682.0,1800.4274
2026-08-31 00:00:00+00:00,77682.0,78185.89,77436.4,77937.04,711.43379
2026-08-31 01:00:00+00:00,77937.03,77993.03,77565.08,77640.94,567.26058
2026-08-31 02:00:00+00:00,77640.93,78000.0,77392.0,77473.99,573.39934
2026-08-31 03:00:00+00:00,77474.0,77872.0,77394.0,77756.71,278.92536
2026-08-31 04:00:00+00:00,77756.7,77769.11,77458.83,77622.28,550.02773
2026-08-31 05:00:00+00:00,77622.29,78156.78,77514.0,78016.0,511.92091
2026-08-31 06:00:00+00:00,78016.01,78156.77,77864.16,78093.87,968.0221
2026-08-31 07:00:00+00:00,78093.88,78322.56,78034.01,78196.01,716.03378
2026-08-31 08:00:00+00:00,78196.01,78521.89,77982.0,78480.8,782.74546
2026-08-31 09:00:00+00:00,78480.79,78802.0,78396.35,78511.03,624.76686
2026-08-31 10:00:00+00:00,78511.03,78732.0,78316.91,78710.01,576.71834
2026-08-31 11:00:00+00:00,78710.02,78710.02,78302.0,78315.43,482.35572
2026-08-31 12:00:00+00:00,78315.43,78543.86,77675.04,77930.39,816.61258
2026-08-31 13:00:00+00:00,77930.4,78282.0,77716.75,77867.39,1083.2716
2026-08-31 14:00:00+00:00,77867.39,78686.94,77746.6,78600.14,1368.66274
2026-08-31 15:00:00+00:00,78601.93,78777.9,78212.3,78580.42,1119.65651
2026-08-31 16:00:00+00:00,78580.43,78884.48,78524.0,78639.57,576.26452
2026-08-31 17:00:00+00:00,78639.57,79019.86,78494.0,78897.36,604.69852
2026-08-31 18:00:00+00:00,78897.35,79212.0,78779.24,79016.0,473.51591
2026-08-31 19:00:00+00:00,79016.01,79250.0,78851.93,78898.06,423.46335
2026-08-31 20:00:00+00:00,78898.06,79172.0,78784.32,78864.72,366.68341
2026-08-31 21:00:00+00:00,78864.73,79071.12,78732.22,78964.32,404.71113
2026-08-31 22:00:00+00:00,78964.33,79015.83,78579.3,78593.15,346.21313
2026-08-31 23:00:00+00:00,78593.15,78593.61,78405.01,78581.29,376.54265
2026-09-01 00:00:00+00:00,78581.3,78900.01,78562.0,78652.0,522.70913
2026-09-01 01:00:00+00:00,78652.0,78797.99,78375.83,78410.62,440.9443
2026-09-01 02:00:00+00:00,78410.62,78457.55,78189.93,78449.99,524.89493
2026-09-01 03:00:00+00:00,78449.99,78874.0,78400.18,78679.01,542.2064
2026-09-01 04:00:00+00:00,78679.01,78915.09,78653.96,78727.11,444.12648
2026-09-01 05:00:00+00:00,78727.11,79220.61,78727.11,79179.99,546.96321
2026-09-01 06:00:00+00:00,79179.99,79179.99,78745.38,78745.39,464.70536
2026-09-01 07:00:00+00:00,78745.39,78806.0,78500.0,78632.37,405.713
2026-09-01 08:00:00+00:00,78632.37,78658.01,77820.0,77883.28,939.11065
2026-09-01 09:00:00+00:00,77883.28,78062.24,77786.18,77915.0,951.34245
2026-09-01 10:00:00+00:00,77915.0,78196.0,77758.69,78029.67,423.94155
2026-09-01 11:00:00+00:00,78029.67,78202.52,77890.0,78098.97,337.44732
2026-09-01 12:00:00+00:00,78098.96,78156.0,77742.01,78004.0,474.45626
2026-09-01 13:00:00+00:00,78004.01,78202.0,77510.0,78071.99,1285.21254
2026-09-01 14:00:00+00:00,78072.0,78424.0,78052.0,78167.99,800.55583
2026-09-01 15:00:00+00:00,78168.0,78169.69,77727.61,77919.06,560.10608
2026-09-01 16:00:00+00:00,77919.07,77976.0,77318.0,77596.01,692.23833
2026-09-01 17:00:00+00:00,77596.01,77721.26,77241.12,77265.79,484.76204
2026-09-01 18:00:00+00:00,77265.79,77319.64,76420.0,77153.9,1485.89835
2026-09-01 19:00:00+00:00,77153.89,77466.55,77112.0,77312.0,445.04268
2026-09-01 20:00:00+00:00,77312.0,77471.9,77236.48,77448.45,266.37627
2026-09-01 21:00:00+00:00,77448.46,77516.3,76920.36,77211.32,414.9871
2026-09-01 22:00:00+00:00,77211.32,77364.01,77030.0,77274.02,335.29844
2026-09-01 23:00:00+00:00,77274.02,77638.18,77218.0,77439.0,341.60079
2026-09-02 00:00:00+00:00,77439.01,77512.0,77132.0,77213.25,352.51719
2026-09-02 01:00:00+00:00,77213.24,77372.0,76718.48,77020.68,661.59711
2026-09-02 02:00:00+00:00,77020.67,77343.74,76948.97,77329.2,437.17945
2026-09-02 03:00:00+00:00,77329.2,77792.0,77314.51,77563.5,618.37453
2026-09-02 04:00:00+00:00,77563.5,77612.84,77294.56,77561.82,299.9271
2026-09-02 05:00:00+00:00,77561.82,77761.93,77438.0,77651.07,341.8285
2026-09-02 06:00:00+00:00,77651.08,77724.0,77462.0,77611.54,397.05137
2026-09-02 07:00:00+00:00,77611.53,77765.99,77473.84,77473.85,515.9071
2026-09-02 08:00:00+00:00,77473.86,77546.0,76746.81,76854.11,705.11459
2026-09-02 09:00:00+00:00,76854.11,77049.4,76484.64,76752.26,1036.05232
2026-09-02 10:00:00+00:00,76752.26,76753.83,76264.0,76680.88,924.89427
2026-09-02 11:00:00+00:00,76680.88,76848.73,76356.0,76828.76,641.75915
2026-09-02 12:00:00+00:00,76828.75,77049.4,76611.67,76613.88,581.91449
2026-09-02 13:00:00+00:00,76613.87,77443.61,76613.87,77146.0,812.83227
2026-09-02 14:00:00+00:00,77146.0,77490.0,77010.24,77066.42,555.40079
2026-09-02 15:00:00+00:00,77066.42,77386.0,76748.01,77288.98,824.93813
2026-09-02 16:00:00+00:00,77288.97,77582.0,77171.5,77171.5,1179.92404
2026-09-02 17:00:00+00:00,77171.51,77406.0,76950.56,77381.66,465.02159
2026-09-02 18:00:00+00:00,77381.65,77524.0,77296.52,77377.76,374.99513
2026-09-02 19:00:00+00:00,77377.76,77416.0,77124.0,77341.47,289.4138
2026-09-02 20:00:00+00:00,77341.48,77520.0,77207.47,77406.01,382.13526
2026-09-02 21:00:00+00:00,77406.0,77431.78,77242.0,77284.0,291.06451
2026-09-02 22:00:00+00:00,77284.01,77284.01,77023.11,77034.03,188.20028
2026-09-02 23:00:00+00:00,77034.03,77372.62,77007.36,77340.01,192.93523
2026-09-03 00:00:00+00:00,77340.01,77394.0,76980.01,77068.01,327.32527
2026-09-03 01:00:00+00:00,77068.0,77546.8,76968.0,77356.7,533.28645
2026-09-03 02:00:00+00:00,77356.69,77900.0,77238.89,77816.01,563.52004
2026-09-03 03:00:00+00:00,77816.02,77880.0,77642.09,77708.0,385.93335
2026-09-03 04:00:00+00:00,77708.01,77833.1,77547.16,77776.0,336.15526
2026-09-03 05:00:00+00:00,77775.99,77829.8,77101.01,77809.91,617.52986
2026-09-03 06:00:00+00:00,77809.91,77856.16,77698.75,77835.19,408.13131
2026-09-03 07:00:00+00:00,77835.2,78183.91,77600.0,77663.15,696.21966
2026-09-03 08:00:00+00:00,77663.14,78066.0,77663.14,77843.34,363.22912
2026-09-03 09:00:00+00:00,77843.34,77975.46,77608.0,77615.24,341.00857
2026-09-03 10:00:00+00:00,77615.25,77773.26,77478.0,77735.88,406.3926
2026-09-03 11:00:00+00:00,77735.88,78004.94,77709.52,77948.39,396.769
2026-09-03 12:00:00+00:00,77948.39,78782.75,77896.07,78652.38,979.94222
2026-09-03 13:00:00+00:00,78652.37,79000.0,78450.25,78840.52,1052.74377
2026-09-03 14:00:00+00:00,78840.52,80561.0,78704.0,80549.97,2513.5082
2026-09-03 15:00:00+00:00,80549.97,81370.33,80354.65,81348.0,3056.18534
2026-09-03 16:00:00+00:00,81348.0,81360.0,80613.52,80969.37,1239.78575
2026-09-03 17:00:00+00:00,80969.37,81188.17,80886.0,81042.0,875.49534
2026-09-03 18:00:00+00:00,81042.0,81333.33,80904.0,81254.32,595.62382
2026-09-03 19:00:00+00:00,81254.31,81790.0,81171.98,81755.41,1102.96623
2026-09-03 20:00:00+00:00,81755.41,81780.0,81392.74,81473.0,601.53572
2026-09-03 21:00:00+00:00,81473.0,82300.0,81288.0,81590.0,1292.57121
2026-09-03 22:00:00+00:00,81590.0,81604.65,80905.05,81140.0,712.57205
2026-09-03 23:00:00+00:00,81140.0,81338.0,81078.0,81270.37,407.99233
2026-09-04 00:00:00+00:00,81270.37,81427.75,80960.0,80972.12,643.20132
2026-09-04 01:00:00+00:00,80972.11,81097.92,80759.52,80968.01,505.56595
2026-09-04 02:00:00+00:00,80968.01,80968.01,80669.45,80831.99,433.77504
2026-09-04 03:00:00+00:00,80832.0,81021.8,80806.0,80850.0,523.81704
2026-09-04 04:00:00+00:00,80850.01,81288.0,80820.0,81070.54,602.46481
2026-09-04 05:00:00+00:00,81070.54,81143.3,80863.03,80996.15,593.73244
2026-09-04 06:00:00+00:00,80996.15,81090.0,80573.21,80797.39,435.61525
2026-09-04 07:00:00+00:00,80797.4,80966.75,80641.65,80656.87,705.83482
2026-09-04 08:00:00+00:00,80656.86,81237.0,80502.87,81147.16,754.04554
2026-09-04 09:00:00+00:00,81147.16,81310.0,80934.24,81056.63,968.87345
2026-09-04 10:00:00+00:00,81056.63,81194.0,80831.14,81179.63,483.39639
2026-09-04 11:00:00+00:00,81179.64,81423.03,81080.01,81224.86,512.44736
2026-09-04 12:00:00+00:00,81224.86,81350.0,79177.77,79453.96,3691.19669
2026-09-04 13:00:00+00:00,79453.95,79704.0,79000.0,79378.67,1927.84184
2026-09-04 14:00:00+00:00,79378.66,79572.0,78660.0,78915.71,1816.73349
2026-09-04 15:00:00+00:00,78915.71,79555.32,78800.0,79429.33,942.77981
2026-09-04 16:00:00+00:00,79429.33,79877.07,79378.19,79745.73,1059.83504
2026-09-04 17:00:00+00:00,79745.72,79752.92,79383.0,79472.22,392.51492
2026-09-04 18:00:00+00:00,79472.22,79655.86,79472.22,79618.15,263.34116
2026-09-04 19:00:00+00:00,79618.15,79819.99,79618.14,79793.34,391.97239
2026-09-04 20:00:00+00:00,79793.35,79862.15,79667.99,79697.04,252.17194
2026-09-04 21:00:00+00:00,79697.03,79819.3,79512.0,79624.0,645.54178
2026-09-04 22:00:00+00:00,79624.0,79716.0,79604.0,79636.09,498.99738
2026-09-04 23:00:00+00:00,79636.09,79758.0,79600.89,79660.77,152.92964
2026-09-05 00:00:00+00:00,79660.77,79721.57,79562.0,79573.36,179.53978
2026-09-05 01:00:00+00:00,79573.37,79710.0,79533.34,79533.34,251.27651
2026-09-05 02:00:00+00:00,79533.34,79622.0,79472.22,79569.09,226.54938
2026-09-05 03:00:00+00:00,79569.09,79630.74,79510.93,79582.0,222.17902
2026-09-05 04:00:00+00:00,79581.99,79589.84,79500.0,79500.01,283.95874
2026-09-05 05:00:00+00:00,79500.01,79600.01,79442.0,79577.53,486.56078
2026-09-05 06:00:00+00:00,79577.53,79715.72,79576.0,79644.01,255.76484
2026-09-05 07:00:00+00:00,79644.01,79763.41,79639.22,79709.96,273.27755
2026-09-05 08:00:00+00:00,79709.96,79727.95,79568.0,79650.0,377.92884
2026-09-05 09:00:00+00:00,79650.01,79735.97,79612.0,79631.28,391.22508
2026-09-05 10:00:00+00:00,79631.29,79664.0,79593.92,79618.01,324.09358
2026-09-05 11:00:00+00:00,79618.0,79674.33,79608.0,79609.28,224.00252
2026-09-05 12:00:00+00:00,79609.29,79774.0,79609.28,79704.14,350.25887
2026-09-05 13:00:00+00:00,79704.13,79762.0,79545.96,79613.67,488.89817
2026-09-05 14:00:00+00:00,79613.67,79756.32,79613.67,79719.76,292.28201
2026-09-05 15:00:00+00:00,79719.75,79816.0,79678.62,79806.01,383.76927
2026-09-05 16:00:00+00:00,79806.0,80200.0,79754.0,80042.0,716.52557
2026-09-05 17:00:00+00:00,80041.99,80162.29,79973.85,80058.6,894.70031
2026-09-05 18:00:00+00:00,80058.6,80078.0,79930.0,79999.98,332.81067
2026-09-05 19:00:00+00:00,79999.99,79999.99,79712.86,79754.0,243.22911
2026-09-05 20:00:00+00:00,79753.99,79840.25,79694.0,79737.83,651.64016
2026-09-05 21:00:00+00:00,79737.83,79938.0,79724.87,79906.02,164.28133
2026-09-05 22:00:00+00:00,79906.02,79947.99,79749.41,79783.99,517.56847
2026-09-05 23:00:00+00:00,79783.99,79912.83,79706.04,79831.75,584.91964
2026-09-06 00:00:00+00:00,79831.75,79940.68,79829.98,79868.0,147.80921
2026-09-06 01:00:00+00:00,79868.01,80067.45,79868.01,79951.39,305.00919
2026-09-06 02:00:00+00:00,79951.38,80019.11,79876.0,79907.28,258.24501
2026-09-06 03:00:00+00:00,79907.28,80107.99,79893.86,80028.01,248.71269
2026-09-06 04:00:00+00:00,80028.01,80028.01,79854.0,79866.01,362.36734
2026-09-06 05:00:00+00:00,79866.01,80107.99,79794.04,79989.13,642.22052
2026-09-06 06:00:00+00:00,79989.12,79989.13,79676.66,79784.65,290.41612
2026-09-06 07:00:00+00:00,79784.65,79865.89,79577.0,79805.0,339.23106
2026-09-06 08:00:00+00:00,79804.68,79889.99,79752.7,79837.17,578.27369
2026-09-06 09:00:00+00:00,79837.17,79990.0,79806.01,79885.77,684.16607
2026-09-06 10:00:00+00:00,79885.78,80020.0,79885.77,80003.93,223.38098
2026-09-06 11:00:00+00:00,80003.92,80003.93,79890.0,79919.17,224.08052
2026-09-06 12:00:00+00:00,79919.17,80010.0,79858.1,79922.04,269.79443
2026-09-06 13:00:00+00:00,79922.04,79968.0,79760.39,79829.98,380.28916
2026-09-06 14:00:00+00:00,79829.99,79840.25,79233.0,79543.06,699.69504
2026-09-06 15:00:00+00:00,79543.07,79734.59,79383.32,79716.5,342.10102
2026-09-06 16:00:00+00:00,79716.51,79786.0,79606.04,79682.0,222.29132
2026-09-06 17:00:00+00:00,79682.0,79773.88,79584.73,79745.34,205.07571
2026-09-06 18:00:00+00:00,79745.34,79970.0,79745.34,79955.34,218.34399
2026-09-06 19:00:00+00:00,79955.34,79955.34,79799.52,79829.99,213.50154
2026-09-06 20:00:00+00:00,79830.0,79973.56,79776.59,79912.0,235.83849
2026-09-06 21:00:00+00:00,79912.0,80034.0,79875.24,79944.38,381.14031
2026-09-06 22:00:00+00:00,79944.39,80093.79,79647.04,80055.17,486.73578
2026-09-06 23:00:00+00:00,80055.18,80559.99,80010.0,80341.83,896.09908
2026-09-07 00:00:00+00:00,80341.83,80443.99,80059.11,80160.01,473.2372
2026-09-07 01:00:00+00:00,80160.01,80243.81,79826.28,79926.14,429.2219
2026-09-07 02:00:00+00:00,79926.14,80426.0,79800.0,79874.24,411.23362
2026-09-07 03:00:00+00:00,79874.25,79986.02,79568.6,79596.39,424.23144
2026-09-07 04:00:00+00:00,79596.38,79732.15,79540.38,79724.0,680.36024
2026-09-07 05:00:00+00:00,79724.01,79926.04,79666.79,79759.47,625.29002
2026-09-07 06:00:00+00:00,79759.47,79825.7,79644.55,79659.27,564.03546
2026-09-07 07:00:00+00:00,79659.28,79691.06,79001.1,79397.83,867.88528
2026-09-07 08:00:00+00:00,79397.83,79530.47,79397.83,79437.38,367.39664
2026-09-07 09:00:00+00:00,79437.39,79550.0,79291.15,79313.85,384.36999
2026-09-07 10:00:00+00:00,79313.85,79459.5,79313.85,79360.0,340.14563
2026-09-07 11:00:00+00:00,79360.0,79487.01,79282.0,79420.16,322.16899
2026-09-07 12:00:00+00:00,79420.16,79627.43,79400.48,79606.84,278.61012
2026-09-07 13:00:00+00:00,79606.84,79643.5,79318.92,79352.01,537.87474
2026-09-07 14:00:00+00:00,79352.0,79396.36,78956.94,79191.95,729.96261
2026-09-07 15:00:00+00:00,79191.96,79191.96,78680.0,78821.99,790.15811
2026-09-07 16:00:00+00:00,78822.0,79035.23,78807.69,79028.87,428.99902
2026-09-07 17:00:00+00:00,79028.88,79223.53,79018.0,79185.73,251.37537
2026-09-07 18:00:00+00:00,79185.74,79244.0,79096.0,79196.16,308.24543
2026-09-07 19:00:00+00:00,79196.15,79419.17,79150.0,79365.82,230.49171
2026-09-07 20:00:00+00:00,79365.81,79394.92,79168.01,79238.0,212.62445
2026-09-07 21:00:00+00:00,79238.0,79278.0,79164.0,79164.0,163.69203
2026-09-07 22:00:00+00:00,79164.01,79218.18,78781.07,78952.19,458.00504
2026-09-07 23:00:00+00:00,78952.18,79210.0,78938.38,79112.01,292.83991
2026-09-08 00:00:00+00:00,79112.0,79313.09,78972.51,79313.08,445.07914
2026-09-08 01:00:00+00:00,79313.09,79463.06,79266.48,79441.99,454.81703
2026-09-08 02:00:00+00:00,79441.98,79485.0,78930.0,78930.01,601.51271
2026-09-08 03:00:00+00:00,78930.01,79002.0,78725.1,78906.28,813.2236
2026-09-08 04:00:00+00:00,78906.27,78929.24,78678.7,78678.71,558.10183
2026-09-08 05:00:00+00:00,78678.7,78882.0,78555.0,78578.0,847.29044
2026-09-08 06:00:00+00:00,78577.99,78632.0,78261.61,78323.59,1913.91469
2026-09-08 07:00:00+00:00,78323.59,78609.99,78179.98,78482.0,3433.75725
2026-09-08 08:00:00+00:00,78482.0,78581.8,78281.3,78418.0,855.4031
2026-09-08 09:00:00+00:00,78418.0,78800.0,78317.03,78761.99,641.52148
2026-09-08 10:00:00+00:00,78762.0,78994.5,78568.0,78568.0,435.62963
2026-09-08 11:00:00+00:00,78568.01,78576.0,78271.63,78430.01,682.36626
2026-09-08 12:00:00+00:00,78430.0,78483.42,78215.36,78449.99,839.62079
2026-09-08 13:00:00+00:00,78450.0,78545.46,77620.01,77961.66,2274.11248
2026-09-08 14:00:00+00:00,77961.66,78630.81,77854.0,78567.52,885.70593
2026-09-08 15:00:00+00:00,78567.52,78910.88,78451.39,78904.0,668.56307
2026-09-08 16:00:00+00:00,78904.0,78978.39,78581.33,78735.89,339.80818
2026-09-08 17:00:00+00:00,78735.88,78892.0,78500.0,78504.38,376.83451
2026-09-08 18:00:00+00:00,78504.38,78822.47,78271.49,78436.0,310.67894
2026-09-08 19:00:00+00:00,78436.01,78528.0,78325.39,78446.0,457.27833
2026-09-08 20:00:00+00:00,78445.99,78621.77,78410.05,78487.99,286.8898
2026-09-08 21:00:00+00:00,78487.99,78623.21,78406.0,78492.18,346.3218
2026-09-08 22:00:00+00:00,78492.19,78662.75,78458.0,78562.44,344.45436
2026-09-08 23:00:00+00:00,78562.43,78575.31,78408.64,78455.8,422.1807
2026-09-09 00:00:00+00:00,78455.8,78796.97,78455.79,78774.65,263.81065
2026-09-09 01:00:00+00:00,78774.66,78891.5,78633.53,78891.5,737.84364
2026-09-09 02:00:00+00:00,78891.49,78928.65,78686.46,78726.01,338.69714
2026-09-09 03:00:00+00:00,78726.01,78726.01,78548.46,78638.01,269.38216
2026-09-09 04:00:00+00:00,78638.01,79215.83,78638.0,79171.5,659.48495
2026-09-09 05:00:00+00:00,79171.5,79370.01,78840.59,78923.43,571.99145
2026-09-09 06:00:00+00:00,78923.43,79290.63,78865.71,79159.03,306.40396
2026-09-09 07:00:00+00:00,79159.03,79400.0,79151.34,79277.43,435.40632
2026-09-09 08:00:00+00:00,79277.44,79760.0,79264.0,79698.02,838.18454
2026-09-09 09:00:00+00:00,79698.02,79716.0,78900.0,78952.01,524.33216
2026-09-09 10:00:00+00:00,78952.01,79183.91,78878.11,78920.01,419.34722
2026-09-09 11:00:00+00:00,78920.01,79379.28,78725.29,79324.75,742.09582
2026-09-09 12:00:00+00:00,79324.75,79662.56,79281.51,79606.14,1136.20636
2026-09-09 13:00:00+00:00,79606.15,79678.84,79103.19,79140.69,700.9372
2026-09-09 14:00:00+00:00,79140.69,79413.74,78877.36,78958.01,1034.69116
2026-09-09 15:00:00+00:00,78958.01,79394.99,78060.03,78596.7,1730.66758
2026-09-09 16:00:00+00:00,78596.7,78938.55,78460.34,78804.9,548.53711
2026-09-09 17:00:00+00:00,78804.9,78934.4,78674.0,78776.01,424.82404
2026-09-09 18:00:00+00:00,78776.0,78792.25,78403.36,78414.42,291.49177
2026-09-09 19:00:00+00:00,78414.42,78575.32,78150.0,78234.94,474.58363
2026-09-09 20:00:00+00:00,78234.94,78340.01,77917.09,78324.07,550.88264
2026-09-09 21:00:00+00:00,78324.07,78339.56,77994.15,78145.02,316.14499
2026-09-09 22:00:00+00:00,78145.02,78196.0,77770.0,77924.06,513.88945
2026-09-09 23:00:00+00:00,77924.0,78321.09,77920.56,78306.43,300.08433
2026-09-10 00:00:00+00:00,78306.43,78382.35,78073.8,78180.7,826.01999
2026-09-10 01:00:00+00:00,78180.7,78508.49,77952.0,78094.0,429.21115
2026-09-10 02:00:00+00:00,78094.01,78373.1,77980.0,78357.86,250.2874
2026-09-10 03:00:00+00:00,78357.87,78550.0,78278.0,78328.08,370.87043
2026-09-10 04:00:00+00:00,78328.08,78437.99,78300.0,78400.0,221.79379
2026-09-10 05:00:00+00:00,78400.01,78564.39,78270.75,78536.71,554.7012
2026-09-10 06:00:00+00:00,78536.71,78542.05,78147.98,78416.01,573.34123
2026-09-10 07:00:00+00:00,78416.01,78422.01,77906.48,78112.0,526.86865
2026-09-10 08:00:00+00:00,78112.0,78170.74,78038.0,78110.0,301.41841
2026-09-10 09:00:00+00:00,78110.0,78229.22,77910.86,77992.01,605.51933
2026-09-10 10:00:00+00:00,77992.0,78044.57,77821.21,77863.21,618.27147
2026-09-10 11:00:00+00:00,77863.2,78054.84,77688.0,77840.8,659.08952
2026-09-10 12:00:00+00:00,77840.64,77959.2,76676.07,76896.01,2886.07306
2026-09-10 13:00:00+00:00,76896.01,77234.0,76745.0,77174.44,1372.33792
2026-09-10 14:00:00+00:00,77174.43,77424.98,76943.45,77412.01,1105.27456
2026-09-10 15:00:00+00:00,77412.01,77412.89,77092.16,77250.0,695.08679
2026-09-10 16:00:00+00:00,77250.0,77312.01,76804.99,77200.01,562.44798
2026-09-10 17:00:00+00:00,77200.0,77544.0,77126.26,77328.72,584.5114
2026-09-10 18:00:00+00:00,77328.72,77340.0,76982.6,77252.0,321.25824
2026-09-10 19:00:00+00:00,77252.0,77298.48,77083.17,77160.83,394.60119
2026-09-10 20:00:00+00:00,77160.83,77347.45,77116.0,77268.08,142.17379
2026-09-10 21:00:00+00:00,77268.08,77303.02,77100.02,77144.0,268.25509
2026-09-10 22:00:00+00:00,77144.01,77218.01,76817.6,76836.45,253.46564
2026-09-10 23:00:00+00:00,76836.45,76876.31,76464.0,76568.72,797.49081
2026-09-11 00:00:00+00:00,76568.73,76939.8,76563.01,76908.59,538.94881
2026-09-11 01:00:00+00:00,76908.59,77000.0,76670.57,76971.43,386.97683
2026-09-11 02:00:00+00:00,76971.44,77013.62,76769.69,76838.68,297.49023
2026-09-11 03:00:00+00:00,76838.68,76897.54,76702.7,76891.8,967.58108
2026-09-11 04:00:00+00:00,76891.81,77196.01,76889.23,77114.01,370.66197
2026-09-11 05:00:00+00:00,77114.01,77252.88,77069.06,77252.86,284.44316
2026-09-11 06:00:00+00:00,77252.87,77431.48,77182.0,77298.01,405.18201
2026-09-11 07:00:00+00:00,77298.01,77403.19,77203.73,77230.7,435.02243
2026-09-11 08:00:00+00:00,77230.7,77500.0,77144.59,77364.93,294.00696
2026-09-11 09:00:00+00:00,77364.94,77370.01,76865.58,77042.0,552.5515
2026-09-11 10:00:00+00:00,77042.0,77163.25,76966.0,76993.25,406.1795
2026-09-11 11:00:00+00:00,76993.25,77049.25,76746.95,77036.12,420.86915
2026-09-11 12:00:00+00:00,77036.12,78148.74,76046.58,78032.99,3531.14376
2026-09-11 13:00:00+00:00,78032.98,79333.0,77253.8,79242.56,2451.66172
2026-09-11 14:00:00+00:00,79242.56,79890.0,78509.09,78798.51,1987.04632
2026-09-11 15:00:00+00:00,78798.4,78849.98,77303.0,77732.25,1364.45838
2026-09-11 16:00:00+00:00,77732.25,78068.01,77381.88,77916.0,1081.48116
2026-09-11 17:00:00+00:00,77916.0,77960.01,77490.34,77534.0,492.68772
2026-09-11 18:00:00+00:00,77534.0,77538.01,76883.0,77054.0,842.12412
2026-09-11 19:00:00+00:00,77054.0,77372.01,77006.0,77286.01,421.44962
2026-09-11 20:00:00+00:00,77286.0,77504.01,77192.0,77339.33,322.32564
2026-09-11 21:00:00+00:00,77339.33,77424.01,77078.01,77108.01,222.90327
2026-09-11 22:00:00+00:00,77108.01,77231.31,76967.13,77150.0,1100.36124
2026-09-11 23:00:00+00:00,77150.0,77225.71,77119.68,77225.7,535.72071
2026-09-12 00:00:00+00:00,77225.71,77320.0,77207.65,77287.43,314.34391
2026-09-12 01:00:00+00:00,77287.43,77378.37,77262.29,77272.37,186.8188
2026-09-12 02:00:00+00:00,77272.36,77322.27,77220.0,77288.0,307.45259
2026-09-12 03:00:00+00:00,77288.01,77347.82,77229.99,77268.09,242.20968
2026-09-12 04:00:00+00:00,77268.09,77314.01,77215.86,77222.75,392.84938
2026-09-12 05:00:00+00:00,77222.75,77260.8,77164.06,77218.0,966.7285
2026-09-12 06:00:00+00:00,77218.0,77359.2,77199.99,77289.73,148.46089
2026-09-12 07:00:00+00:00,77289.73,77347.99,77266.0,77269.55,360.14789
2026-09-12 08:00:00+00:00,77269.54,77374.01,77269.54,77360.01,285.63962
2026-09-12 09:00:00+00:00,77360.0,77386.76,77335.14,77349.44,294.25428
2026-09-12 10:00:00+00:00,77349.44,77400.75,77310.55,77332.94,182.37452
2026-09-12 11:00:00+00:00,77332.94,77356.05,77292.0,77356.04,149.54317
2026-09-12 12:00:00+00:00,77356.05,77360.77,77290.0,77340.0,340.29238
2026-09-12 13:00:00+00:00,77340.01,77397.27,77255.19,77366.52,1023.69199
2026-09-12 14:00:00+00:00,77366.52,77505.67,77366.0,77461.24,239.68201
2026-09-12 15:00:00+00:00,77461.25,77479.99,77376.0,77380.37,265.08543
2026-09-12 16:00:00+00:00,77380.38,77414.01,77336.0,77358.01,159.17816
2026-09-12 17:00:00+00:00,77358.0,77404.37,77170.57,77210.58,249.24835
2026-09-12 18:00:00+00:00,77210.58,77216.01,77125.03,77131.0,275.13313
2026-09-12 19:00:00+00:00,77131.0,77186.01,77059.75,77114.99,731.31555
2026-09-12 20:00:00+00:00,77115.0,77227.71,77114.99,77170.0,363.19212
2026-09-12 21:00:00+00:00,77170.0,77283.05,77148.5,77264.01,348.07684
2026-09-12 22:00:00+00:00,77264.0,77300.0,77193.06,77232.17,167.38368
2026-09-12 23:00:00+00:00,77232.17,77292.83,77232.16,77278.73,67.34168
2026-09-13 00:00:00+00:00,77278.73,77299.99,77162.36,77276.02,102.17841
2026-09-13 01:00:00+00:00,77276.02,77341.37,77241.51,77319.97,342.83505
2026-09-13 02:00:00+00:00,77319.97,77319.97,77244.78,77289.96,238.88569
2026-09-13 03:00:00+00:00,77289.97,77310.78,77184.01,77192.01,225.77764
2026-09-13 04:00:00+00:00,77192.0,77254.03,77189.84,77210.01,190.98338
2026-09-13 05:00:00+00:00,77210.0,77324.46,77210.0,77322.01,202.84475
2026-09-13 06:00:00+00:00,77322.01,77325.82,77058.42,77122.35,503.99784
2026-09-13 07:00:00+00:00,77122.35,77180.0,77091.88,77127.99,239.99798
2026-09-13 08:00:00+00:00,77127.99,77182.0,76756.0,76813.71,401.89187
2026-09-13 09:00:00+00:00,76813.71,76893.91,76570.0,76808.01,537.62115
2026-09-13 10:00:00+00:00,76808.0,76813.26,76628.45,76677.29,190.81512
2026-09-13 11:00:00+00:00,76677.3,76800.0,76500.0,76792.32,265.89974
2026-09-13 12:00:00+00:00,76792.31,76866.01,76690.0,76763.33,292.33252
2026-09-13 13:00:00+00:00,76763.33,76922.01,76560.0,76853.02,435.53074
2026-09-13 14:00:00+00:00,76853.01,77254.45,76850.56,77216.01,524.64043
2026-09-13 15:00:00+00:00,77216.01,77216.01,77011.33,77134.83,235.97054
2026-09-13 16:00:00+00:00,77134.82,77359.0,77125.66,77276.14,296.31166
2026-09-13 17:00:00+00:00,77276.14,77413.52,77249.35,77328.94,135.4972
2026-09-13 18:00:00+00:00,77328.94,77383.4,77312.12,77338.87,110.16764
2026-09-13 19:00:00+00:00,77338.87,77409.04,77223.16,77284.0,148.98479
2026-09-13 20:00:00+00:00,77284.01,77368.0,77262.0,77348.01,103.43597
2026-09-13 21:00:00+00:00,77348.01,77450.0,77314.0,77316.0,161.40092
2026-09-13 22:00:00+00:00,77316.0,77316.0,76667.68,76714.0,686.94439
2026-09-13 23:00:00+00:00,76714.0,76876.8,76622.97,76842.01,384.73824
2026-09-14 00:00:00+00:00,76842.01,77083.34,76388.72,76808.0,684.93231
2026-09-14 01:00:00+00:00,76808.01,77170.76,76636.41,77118.97,548.46579
2026-09-14 02:00:00+00:00,77118.96,77725.5,77016.0,77600.0,1091.26668
2026-09-14 03:00:00+00:00,77600.0,77869.82,77504.01,77596.33,938.65006
2026-09-14 04:00:00+00:00,77596.32,77700.78,77537.8,77681.78,479.27763
2026-09-14 05:00:00+00:00,77681.79,77691.05,77494.34,77611.79,322.46252
2026-09-14 06:00:00+00:00,77611.79,77895.35,77379.41,77593.15,418.88254
2026-09-14 07:00:00+00:00,77593.15,77892.24,77524.41,77892.24,453.51632
2026-09-14 08:00:00+00:00,77892.24,77999.99,77654.0,77728.8,526.80639
2026-09-14 09:00:00+00:00,77728.8,78374.01,77593.8,78141.57,718.66625
2026-09-14 10:00:00+00:00,78141.57,78167.87,77900.0,77906.6,344.15342
2026-09-14 11:00:00+00:00,77906.61,77924.02,77692.55,77776.0,354.582
2026-09-14 12:00:00+00:00,77776.0,78082.67,77615.06,77698.01,416.3904
2026-09-14 13:00:00+00:00,77698.01,78490.0,77481.98,78168.01,1141.24574
2026-09-14 14:00:00+00:00,78168.01,78712.29,78164.01,78521.06,1305.24797
2026-09-14 15:00:00+00:00,78521.05,78684.01,78301.41,78578.02,911.75735
2026-09-14 16:00:00+00:00,78578.02,78904.72,78426.17,78769.42,663.13004
2026-09-14 17:00:00+00:00,78769.42,79048.44,78698.37,78937.98,650.24334
2026-09-14 18:00:00+00:00,78937.98,79325.0,78838.57,79226.01,894.11691
2026-09-14 19:00:00+00:00,79226.0,79227.69,78951.67,78982.0,499.81096
2026-09-14 20:00:00+00:00,78982.01,79600.0,78978.56,79100.0,622.99114
2026-09-14 21:00:00+00:00,79100.0,79117.93,78746.0,78757.83,574.15746
2026-09-14 22:00:00+00:00,78757.82,78854.01,78511.0,78557.98,419.77752
2026-09-14 23:00:00+00:00,78557.99,78568.01,78131.3,78189.21,432.95897
2026-09-15 00:00:00+00:00,78189.2,78250.46,77941.18,77952.93,446.37902
2026-09-15 01:00:00+00:00,77952.92,78080.0,77750.0,77917.86,504.32377
2026-09-15 02:00:00+00:00,77917.86,78018.04,77776.25,77913.72,261.07651
2026-09-15 03:00:00+00:00,77913.73,77913.73,77658.0,77676.99,370.47729
2026-09-15 04:00:00+00:00,77676.99,77744.31,77542.0,77567.12,784.69084
2026-09-15 05:00:00+00:00,77567.11,77666.66,77300.01,77630.0,461.79794
2026-09-15 06:00:00+00:00,77630.0,77727.83,77191.02,77286.7,361.46093
2026-09-15 07:00:00+00:00,77286.71,77310.71,76889.22,76930.01,884.1463
2026-09-15 08:00:00+00:00,76930.0,77007.84,76703.59,77000.01,754.54393
2026-09-15 09:00:00+00:00,77000.01,77059.87,76869.99,76984.05,483.47069
2026-09-15 10:00:00+00:00,76984.05,77176.07,76872.9,77053.8,603.90345
2026-09-15 11:00:00+00:00,77053.8,77223.32,76843.75,76940.01,463.92838
2026-09-15 12:00:00+00:00,76940.01,77143.15,76858.66,76957.65,512.54782
2026-09-15 13:00:00+00:00,76956.75,77126.01,76123.42,76618.77,2183.38695
2026-09-15 14:00:00+00:00,76618.77,76696.0,75605.0,75942.01,2651.31183
2026-09-15 15:00:00+00:00,75942.01,76603.59,75832.0,76512.0,1349.39662
2026-09-15 16:00:00+00:00,76512.01,76576.47,76274.0,76388.0,598.21425
2026-09-15 17:00:00+00:00,76388.01,77343.44,76194.21,76962.0,1073.22598
2026-09-15 18:00:00+00:00,76962.0,77205.39,74967.97,76000.0,3667.98364
2026-09-15 19:00:00+00:00,76000.0,76305.99,75813.75,76186.48,1145.76186
2026-09-15 20:00:00+00:00,76186.48,76245.98,75613.2,75935.24,526.79495
2026-09-15 21:00:00+00:00,75935.24,75956.58,75392.35,75453.85,478.08145
2026-09-15 22:00:00+00:00,75453.85,75747.98,75140.64,75668.0,703.17506
2026-09-15 23:00:00+00:00,75667.99,75942.13,75562.01,75644.48,412.63788
2026-09-16 00:00:00+00:00,75644.48,75915.49,75578.61,75772.1,340.54755
2026-09-16 01:00:00+00:00,75772.1,75964.01,75457.52,75489.14,471.46585
2026-09-16 02:00:00+00:00,75489.14,76111.0,75483.32,75886.35,431.22778
2026-09-16 03:00:00+00:00,75886.36,76076.01,75768.25,75824.01,369.27253
2026-09-16 04:00:00+00:00,75824.0,76022.67,75805.7,75864.02,321.09965
2026-09-16 05:00:00+00:00,75864.02,75981.36,75677.64,75962.01,372.63126
2026-09-16 06:00:00+00:00,75962.01,76038.83,75830.0,76030.01,399.86157
2026-09-16 07:00:00+00:00,76030.01,76097.54,75739.36,75766.63,721.95197
2026-09-16 08:00:00+00:00,75766.62,75766.62,75350.0,75736.01,690.76243
2026-09-16 09:00:00+00:00,75736.01,75994.0,75730.0,75993.0,455.32651
2026-09-16 10:00:00+00:00,75993.01,76046.05,75900.0,75990.2,314.78271
2026-09-16 11:00:00+00:00,75990.2,76304.01,75874.0,76250.0,523.67545
2026-09-16 12:00:00+00:00,76250.0,76300.0,75794.02,75967.99,566.86511
2026-09-16 13:00:00+00:00,75967.98,75967.98,75585.09,75646.01,738.01439
2026-09-16 14:00:00+00:00,75646.01,75830.48,75423.04,75697.82,705.96798
2026-09-16 15:00:00+00:00,75697.83,75950.0,75552.79,75788.41,560.83704
2026-09-16 16:00:00+00:00,75788.41,75883.75,75650.0,75768.0,367.73923
2026-09-16 17:00:00+00:00,75768.0,75937.45,75353.07,75768.01,638.52702
2026-09-16 18:00:00+00:00,75770.45,76560.76,75064.82,75632.0,3097.10326
2026-09-16 19:00:00+00:00,75632.01,76180.0,75250.0,76080.0,958.02578
2026-09-16 20:00:00+00:00,76080.0,76422.01,76024.0,76178.34,511.84627
2026-09-16 21:00:00+00:00,76178.35,76213.34,75933.11,75976.0,320.44714
2026-09-16 22:00:00+00:00,75976.01,75986.01,75632.7,75675.88,525.52719
2026-09-16 23:00:00+00:00,75675.88,76276.02,75643.61,76206.01,484.47864
2026-09-17 00:00:00+00:00,76206.0,76511.18,76188.0,76342.77,472.88854
2026-09-17 01:00:00+00:00,76342.77,76774.08,76222.0,76374.21,638.81754
2026-09-17 02:00:00+00:00,76374.22,76485.13,76055.34,76370.01,496.68012
2026-09-17 03:00:00+00:00,76370.01,76535.03,76370.01,76441.99,295.45137
2026-09-17 04:00:00+00:00,76442.0,76598.0,76187.0,76539.81,275.54427
2026-09-17 05:00:00+00:00,76539.82,76632.14,76318.0,76333.88,280.19303
2026-09-17 06:00:00+00:00,76333.87,76598.01,76308.42,76477.45,271.83524
2026-09-17 07:00:00+00:00,76477.46,76682.01,76425.34,76462.76,422.44395
2026-09-17 08:00:00+00:00,76462.77,76591.46,76396.97,76574.63,422.26564
2026-09-17 09:00:00+00:00,76574.63,76770.0,76468.04,76468.05,378.26739
2026-09-17 10:00:00+00:00,76468.04,76470.49,76270.0,76402.01,413.8899
2026-09-17 11:00:00+00:00,76402.01,76488.73,76179.0,76482.0,329.95092
2026-09-17 12:00:00+00:00,76482.0,77179.47,76398.93,76736.59,970.25031
2026-09-17 13:00:00+00:00,76736.59,76889.66,76000.0,76694.07,1013.37341
2026-09-17 14:00:00+00:00,76694.06,77088.05,76391.44,76502.46,941.27248
2026-09-17 15:00:00+00:00,76502.45,76862.85,76275.0,76780.01,472.36489
2026-09-17 16:00:00+00:00,76780.01,76811.39,76534.0,76753.46,596.54444
2026-09-17 17:00:00+00:00,76753.46,76970.01,76576.0,76667.86,711.49403
2026-09-17 18:00:00+00:00,76667.87,76781.85,76470.4,76575.96,293.0973
2026-09-17 19:00:00+00:00,76575.97,76677.42,76504.62,76594.01,292.32933
2026-09-17 20:00:00+00:00,76594.01,76732.99,76500.0,76556.01,198.7874
2026-09-17 21:00:00+00:00,76556.01,76616.01,76395.51,76415.85,210.95396
2026-09-17 22:00:00+00:00,76415.85,76458.55,76259.98,76420.0,270.75161
2026-09-17 23:00:00+00:00,76419.99,76510.01,76384.04,76417.01,255.57512
2026-09-18 00:00:00+00:00,76417.01,76590.0,76296.0,76590.0,376.57511
2026-09-18 01:00:00+00:00,76589.99,76763.86,76520.0,76744.01,577.60341
2026-09-18 02:00:00+00:00,76744.01,77042.2,76644.0,76988.3,712.34227
2026-09-18 03:00:00+00:00,76988.31,77597.83,76981.94,77383.47,920.49271
2026-09-18 04:00:00+00:00,77383.47,77575.98,77216.76,77575.97,724.0507
2026-09-18 05:00:00+00:00,77575.98,77715.48,77442.93,77493.8,717.75458
2026-09-18 06:00:00+00:00,77493.8,77679.62,77402.32,77604.0,542.00013
2026-09-18 07:00:00+00:00,77604.01,77850.0,77566.11,77798.01,1203.27789
2026-09-18 08:00:00+00:00,77798.0,78279.8,77660.0,78272.15,1082.03924
2026-09-18 09:00:00+00:00,78271.48,78490.79,77961.57,78212.01,1198.98878
2026-09-18 10:00:00+00:00,78212.0,78369.86,78102.0,78285.34,396.04476
2026-09-18 11:00:00+00:00,78285.35,78450.01,78026.0,78062.0,564.41098
2026-09-18 12:00:00+00:00,78062.01,78182.01,77982.88,78043.11,508.65462
2026-09-18 13:00:00+00:00,78043.12,80500.0,77972.3,80073.09,3127.05627
2026-09-18 14:00:00+00:00,80073.09,80989.99,80073.09,80937.83,3674.82612
2026-09-18 15:00:00+00:00,80937.83,81154.67,80501.0,80725.6,1900.06383
2026-09-18 16:00:00+00:00,80725.6,81258.01,80671.53,80846.74,1155.99511
2026-09-18 17:00:00+00:00,80846.75,81019.01,80555.54,81019.0,719.2946
2026-09-18 18:00:00+00:00,81019.0,81148.0,80796.92,80938.43,787.61867
2026-09-18 19:00:00+00:00,80938.44,81400.0,80912.0,81204.76,838.29021
2026-09-18 20:00:00+00:00,81204.77,81235.0,80941.65,81110.01,620.55238
2026-09-18 21:00:00+00:00,81110.01,81300.0,81092.0,81238.2,488.11936
2026-09-18 22:00:00+00:00,81238.2,81370.57,81077.55,81139.02,440.33445
2026-09-18 23:00:00+00:00,81139.03,81200.0,80862.61,80883.87,631.39344
2026-09-19 00:00:00+00:00,80883.86,81668.99,80844.58,81668.98,754.37622
2026-09-19 01:00:00+00:00,81668.99,81741.0,81050.0,81280.99,565.42177
2026-09-19 02:00:00+00:00,81281.0,81445.71,81264.0,81304.72,394.3587
2026-09-19 03:00:00+00:00,81304.73,81402.01,81114.08,81136.01,229.75185
2026-09-19 04:00:00+00:00,81136.02,81228.03,80911.12,81024.0,323.92635
2026-09-19 05:00:00+00:00,81024.01,81146.01,81012.0,81040.01,235.78799
2026-09-19 06:00:00+00:00,81040.01,81101.68,80925.76,81052.01,223.96356
2026-09-19 07:00:00+00:00,81052.02,81250.0,81032.0,81100.16,250.51895
2026-09-19 08:00:00+00:00,81100.17,81413.27,81075.28,81312.01,342.31658
2026-09-19 09:00:00+00:00,81312.01,81528.01,81246.5,81325.77,433.58513
2026-09-19 10:00:00+00:00,81325.38,81330.29,81199.99,81216.7,532.29651
2026-09-19 11:00:00+00:00,81216.71,81374.15,81212.98,81302.63,328.56609
2026-09-19 12:00:00+00:00,81302.63,81369.86,81223.16,81330.0,317.04895
2026-09-19 13:00:00+00:00,81330.01,81366.46,81183.28,81364.01,395.12402
2026-09-19 14:00:00+00:00,81364.0,81639.61,81342.0,81586.01,636.7659
2026-09-19 15:00:00+00:00,81586.02,81951.0,81566.79,81636.01,1013.35194
2026-09-19 16:00:00+00:00,81636.01,81914.01,81472.0,81839.49,733.82297
2026-09-19 17:00:00+00:00,81839.48,81857.21,81447.9,81464.01,484.00387
2026-09-19 18:00:00+00:00,81464.0,81534.01,81334.0,81428.07,267.92194
2026-09-19 19:00:00+00:00,81428.07,81454.01,81309.68,81354.01,261.59782
2026-09-19 20:00:00+00:00,81354.01,81431.13,81080.24,81155.33,460.01461
2026-09-19 21:00:00+00:00,81155.33,81222.15,80904.46,81100.41,489.7616
2026-09-19 22:00:00+00:00,81100.42,81268.01,80962.0,81261.35,319.56997
2026-09-19 23:00:00+00:00,81261.35,81373.34,81221.33,81249.99,669.91377
2026-09-20 00:00:00+00:00,81249.99,81330.01,81208.83,81293.37,451.18444
2026-09-20 01:00:00+00:00,81293.37,81300.0,81027.11,81097.99,269.37026
2026-09-20 02:00:00+00:00,81098.0,81175.62,80263.66,80331.52,1157.59556
2026-09-20 03:00:00+00:00,80331.52,80525.83,80126.04,80486.38,1168.06535
2026-09-20 04:00:00+00:00,80486.38,80541.11,80311.01,80432.4,299.2223
2026-09-20 05:00:00+00:00,80432.4,80668.15,80408.7,80494.31,837.20344
2026-09-20 06:00:00+00:00,80494.31,80607.5,80227.27,80309.44,458.02321
2026-09-20 07:00:00+00:00,80309.45,80420.01,80288.0,80311.61,229.11226
2026-09-20 08:00:00+00:00,80311.6,80453.9,80165.49,80264.85,288.38791
2026-09-20 09:00:00+00:00,80264.85,80581.82,80256.82,80470.01,215.53752
2026-09-20 10:00:00+00:00,80470.01,80515.83,80319.58,80319.58,199.82514
2026-09-20 11:00:00+00:00,80319.58,80534.64,80286.0,80493.2,592.53775
2026-09-20 12:00:00+00:00,80493.21,80534.01,80327.64,80493.76,317.39005
2026-09-20 13:00:00+00:00,80493.76,80650.58,80428.0,80564.57,263.56917
2026-09-20 14:00:00+00:00,80564.58,80789.33,80414.0,80682.01,430.31363
2026-09-20 15:00:00+00:00,80682.01,80969.84,80666.66,80912.0,468.43514
2026-09-20 16:00:00+00:00,80912.0,81497.33,80811.03,81334.01,1104.23835
2026-09-20 17:00:00+00:00,81334.01,81462.0,81068.08,81147.94,620.12017
2026-09-20 18:00:00+00:00,81147.94,81314.01,81030.97,81036.0,239.43349
2026-09-20 19:00:00+00:00,81036.0,81294.01,81036.0,81177.32,187.99727
2026-09-20 20:00:00+00:00,81177.32,81224.27,81078.18,81091.85,225.52232
2026-09-20 21:00:00+00:00,81091.86,81091.86,80579.43,80932.01,354.30196
2026-09-20 22:00:00+00:00,80932.01,81295.5,80774.56,81222.85,371.27801
2026-09-20 23:00:00+00:00,81222.84,81332.01,81135.15,81178.0,245.01823
2026-09-21 00:00:00+00:00,81178.01,81849.15,81178.01,81607.72,855.46281
2026-09-21 01:00:00+00:00,81607.72,82100.0,80850.22,80996.97,1183.18776
2026-09-21 02:00:00+00:00,80996.98,81514.01,80952.35,81310.61,488.74903
2026-09-21 03:00:00+00:00,81310.61,81576.01,81250.0,81425.23,378.81841
2026-09-21 04:00:00+00:00,81425.24,81509.25,81228.15,81400.01,436.96949
2026-09-21 05:00:00+00:00,81400.0,81792.01,81302.05,81550.0,458.38404
2026-09-21 06:00:00+00:00,81550.01,81878.98,81400.0,81639.9,532.02348
2026-09-21 07:00:00+00:00,81639.91,81725.74,81458.42,81720.01,624.88244
2026-09-21 08:00:00+00:00,81720.01,84174.1,81720.0,83760.0,4553.74746
2026-09-21 09:00:00+00:00,83760.0,85299.87,83700.0,84653.71,3826.57309
2026-09-21 10:00:00+00:00,84653.7,84816.42,84130.21,84441.77,1696.63605
2026-09-21 11:00:00+00:00,84441.77,84917.36,84392.41,84887.19,1151.00512
2026-09-21 12:00:00+00:00,84887.19,85473.68,84820.0,85323.0,2004.93408
2026-09-21 13:00:00+00:00,85323.0,85845.27,84778.0,85466.34,2331.00479
2026-09-21 14:00:00+00:00,85466.35,86125.0,85050.0,85844.14,2395.21576
2026-09-21 15:00:00+00:00,85844.13,86344.7,85799.99,85927.71,1968.31466
2026-09-21 16:00:00+00:00,85927.71,86103.73,85607.42,85961.91,1192.70075
2026-09-21 17:00:00+00:00,85961.91,86108.0,85667.5,85897.21,651.02583
2026-09-21 18:00:00+00:00,85897.2,86071.19,85800.0,86051.75,748.46369
2026-09-21 19:00:00+00:00,86051.75,86895.7,85980.76,86490.11,1357.8892
2026-09-21 20:00:00+00:00,86490.11,87395.67,86490.11,87001.68,1271.53725
2026-09-21 21:00:00+00:00,87001.68,87001.68,86537.53,86588.29,569.97751
2026-09-21 22:00:00+00:00,86588.29,86758.01,86295.78,86453.74,657.63026
2026-09-21 23:00:00+00:00,86453.73,86697.52,86364.05,86620.0,628.04576
2026-09-22 00:00:00+00:00,86620.01,86625.82,85867.68,85890.71,1126.88778
2026-09-22 01:00:00+00:00,85890.72,85973.79,85395.27,85616.23,890.84342
2026-09-22 02:00:00+00:00,85616.23,85698.79,85300.0,85677.0,554.67812
